Codigo;Abreviacion;Nombre;TipoEvaluacion;PracticaLaboral;Estado;TipoAsignatura
SPP071;Acompto 1;Acompañamiento  1;1;2;1;
SPP072;Acompto 2;Acompañamiento  2;1;2;1;
SPP073;Acompto 3;Acompañamiento  3;1;2;1;
SPP074;Acompto 4;Acompañamiento  4;1;2;1;
SPP075;Acompto 5;Acompañamiento  5;1;2;1;
SPP076;Acompañamient 6;Acompañamiento  6;1;2;1;
SPP080;Acompñto 10;Acompañamiento 10;1;2;1;
SPP077;Acompañ 7;Acompañamiento 7;1;2;1;
SPP078;Acompañt 8;Acompañamiento 8;1;2;1;
SPP079;Acompañt 9;Acompañamiento 9;1;2;1;
FEAP 901;A. P. -I;Acompañamiento al Piano I;1;2;1;
FEAP 902;A. P-II;Acompañamiento al Piano II;1;2;1;
FEAT 201;Acústica;Acústica;1;2;1;
SFM730;Acústica;Acústica;1;2;1;
SFM731;Acúst Musical;Acústica Musical;1;2;1;
SED241;Admt. Educt.;Administración Educativa;1;2;1;
001;Admisión ;Admisión 2019-0;1;2;1;
002;Admisión 2021;Admisión 2021;1;2;1;
SMG121;Analis Etnomus 1;Análisis Etnomusicológico 1;1;2;1;
SMG122;Analis Etnomus 2;Análisis Etnomusicológico 2;1;2;1;
SFM501;Análisis Mús 1;Análisis musical 1;1;2;1;
SFM502;Análisis Mús 2;Análisis musical 2;1;2;1;
SFM503;Análisis Mús 3;Análisis musical 3;1;2;1;
SFM504;Análisis Mús 4;Análisis musical 4;1;2;1;
FEMU 103;A.M.E -I;Análisis Musical etnomusicológico I;1;2;1;
FEMU 104;A.M.E -II;Análisis Musical etnomusicológico II;1;2;1;
FMAM 401;A.M -I;Análisis Musical I;1;2;1;
FMAM 402;A.M -II;Análisis Musical II;1;2;1;
FMAM 403;A.M -III;Análisis Musical III;1;2;1;
FMAM 404;A.M -IV;Análisis Musical IV;1;2;1;
SMG240;Antrop. de la Música;Antropología;1;2;1;
SFM301;Armonía 1;Armonía 1;1;2;1;
SFM302;Armonía 2;Armonía 2;1;2;1;
SFM303;Armonía 3;Armonía 3;1;2;1;
SFM304;Armonía 4;Armonía 4;1;2;1;
SFM311;Armonía funcional 1;Armonía funcional 1;1;2;1;
SFM312;Armonía funcional 2;Armonía funcional 2;1;2;1;
FEAF 601;A. F ;Armonía Funcional I;1;2;1;
FEAF 602;A. F - II;Armonía Funcional II;1;2;1;
FMAR 201;Armonía I;Armonía I;1;2;1;
FMAR 202;Armonía II;Armonía II;1;2;1;
FMAR 203;Armonía III;Armonía III;1;2;1;
FMAR 204;Armonía IV;Armonía IV;1;2;1;
SAR101;Arpa  1;Arpa  1;2;2;1;
SAR102;Arpa  2;Arpa  2;2;2;1;
SAR103;Arpa  3;Arpa  3;2;2;1;
SAR104;Arpa  4;Arpa  4;2;2;1;
SAR105;Arpa  5;Arpa  5;2;2;1;
SAR106;Arpa  6;Arpa  6;2;2;1;
SAR107;Arpa  7;Arpa  7;2;2;1;
SAR108;Arpa  8;Arpa  8;2;2;1;
SAR109;Arpa  9;Arpa  9;2;2;1;
593;Arpa 1;Arpa 1 - Armando Becerra Málaga;2;2;1;
SAR110;Arpa 10;Arpa 10;2;2;1;
03;Arpa 3 ;Arpa 3 -  Tamarelli Cristina Marie;2;2;1;
Arpa 5;Arpa 5;Arpa 5 - Tamarelli Cristina Marie;2;2;1;
FEAR 101;Arpa I ;Arpa I ;2;2;1;
FEAR 102;Arpa II;Arpa II;2;2;1;
FEAR 103;Arpa III;Arpa III;2;2;1;
FEAR 104;Arpa IV;Arpa IV;2;2;1;
FEAR 109;Arpa IX;Arpa IX;2;2;1;
FEAR 105;Arpa V;Arpa V;2;2;1;
FEAR 106;Arpa VI;Arpa VI;2;2;1;
FEAR 107;Arpa VII;Arpa VII;2;2;1;
FEAR 108;Arpa VIII;Arpa VIII;2;2;1;
FEAR 110;Arpa X;Arpa X;2;2;1;
SFM631;Arreglos 1;Arreglos 1;1;2;1;
SFM632;Arreglos 2;Arreglos 2;1;2;1;
FEAR 801;A. M. -  I;Arreglos Musicales I;1;2;1;
FEAR 802;A. M - II;Arreglos Musicales II;1;2;1;
FGHI 207;A. P;Arte Peruano;1;2;1;
S00005;Ases. de TDI;Asesoría de Trabajo de Investigación;1;2;1;
SPP011;Banda  1;Banda  1;1;2;1;
SPP012;Banda  2;Banda  2;1;2;1;
SPP013;Banda  3;Banda  3;1;2;1;
SPP014;Banda  4;Banda  4;1;2;1;
SPP015;Banda  5;Banda  5;1;2;1;
SPP016;Banda  6;Banda  6;1;2;1;
SPP017;Banda  7;Banda  7;1;2;1;
SPP018;Banda  8;Banda  8;1;2;1;
SPP019;Banda  9;Banda  9;1;2;1;
SPP020;Banda 10;Banda 10;1;2;1;
FEBA 309;B. C - I;Banda Contemporánea I;1;2;1;
FEBA 310;B. C - II;Banda Contemporánea II ;1;2;1;
FEBA 301;B. Conciert. I;Banda de Concierto I;1;2;1;
FEBA 302;B. Conciet. II;Banda de Concierto II;1;2;1;
FEBA 303;B. Concrt. III;Banda de Concierto III;1;2;1;
FEBA 304;B. Concrt. IV;Banda de Concierto IV;1;2;1;
FEBA 305;B. Sinf - I;Banda Sinfónica I;1;2;1;
FEBA 306;B. Sinf - II;Banda Sinfónica II;1;2;1;
FEBA 307;B. Sinf - III;Banda Sinfónica III;1;2;1;
FEBA 308;B. Sinf - IV;Banda Sinfónica IV;1;2;1;
SCA101;Canto  1;Canto  1;2;2;1;
SCA102;Canto  2;Canto  2;2;2;1;
SCA103;Canto  3;Canto  3;2;2;1;
SCA104;Canto  4;Canto  4;2;2;1;
SCA105;Canto  5;Canto  5;2;2;1;
SCA106;Canto  6;Canto  6;2;2;1;
SCA107;Canto  7;Canto  7;2;2;1;
SCA108;Canto  8;Canto  8;2;2;1;
SCA109;Canto  9;Canto  9;2;2;1;
06;Canto 1;Canto 1 -  Herrera Marrero Caridad Mabel;2;2;1;
07;Canto 1;Canto 1 - Aguirre González María Eloísa;2;2;1;
05;Canto 1;Canto 1 - Hidalgo Salas Wilson Reynaldo;2;2;1;
SCA110;Canto 10;Canto 10;2;2;1;
08;Canto 2;Canto 2 -  Hidalgo Salas Wilson Reynaldo;2;2;1;
11;Canto 3;Canto 3 -  Herrera Marrero Caridad Mabel;2;2;1;
09;Canto 3;Canto 3 - Aguirre González María Eloísa;2;2;1;
10;Canto 3;Canto 3 - Saldaña Márquez Policarpo;2;2;1;
12;Canto 4;Canto 4 - Aguirre González María Eloísa;2;2;1;
13;Canto 5;Canto 5 - Aguirre González María Eloísa;2;2;1;
18;Canto 7;Canto 7 - Brivio Ramírez Aurelia Josefina;2;2;1;
14;Canto 7;Canto 7-  Hidalgo Salas Wilson Reynaldo;2;2;1;
17;Canto 7;Canto 7 - Palomino Guzmán Rosalinda;2;2;1;
16;Canto 7;Canto 7 - Saldaña Márquez Policarpo;2;2;1;
FECA 101;Canto I;Canto I;2;2;1;
FECA 102;Canto II;Canto II;2;2;1;
FECA 103;Canto III;Canto III;2;2;1;
FECA 104;Canto IV;Canto IV;2;2;1;
FECA 109;Canto IX;Canto IX;2;2;1;
FECA 105;Canto V;Canto V;2;2;1;
FECA 106;Canto VI;Canto VI;2;2;1;
FECA 107;Canto VII;Canto VII;2;2;1;
FECA 108;Canto VIII;Canto VIII;2;2;1;
FECA 110;Canto X;Canto X;2;2;1;
SCL101;Clarinete  1;Clarinete  1;2;2;1;
SCL102;Clarinete  2;Clarinete  2;2;2;1;
SCL103;Clarinete  3;Clarinete  3;2;2;1;
SCL104;Clarinete  4;Clarinete  4;2;2;1;
SCL105;Clarinete  5;Clarinete  5;2;2;1;
SCL106;Clarinete  6;Clarinete  6;2;2;1;
SCL107;Clarinete  7;Clarinete  7;2;2;1;
SCL108;Clarinete  8;Clarinete  8;2;2;1;
SCL109;Clarinete  9;Clarinete  9;2;2;1;
19 ;Clarinete 1;Clarinete 1 - Panta Salazar Claudio Germán;2;2;1;
SCL110;Clarinete 10;Clarinete 10;2;2;1;
33;Clarinete 10;Clarinete 10 - Eca Fiestas José Luis;2;2;1;
34;Clarinete 10;Clarinete 10 - Vargas Guevara Luis Enrique;2;2;1;
22;Clarinete 3;Clarinete 3 - Eca Fiestas José Luis;2;2;1;
21;Clarinete 3;Clarinete 3 - Melgar Morán Luis Alberto;2;2;1;
20;Clarinete 3;Clarinete 3 - Vargas Guevara Luis Enrique;2;2;1;
23;Clarinete 4;Clarinete 4 - Panta Salazar Claudio Germán;2;2;1;
25;Clarinete 5 ;Clarinete 5 - Barrera Albengrín Ana Lucrecia;2;2;1;
24;Clarinete 5;Clarinete 5 - Eca Fiestas José Luis;2;2;1;
26;Clarinete 5;Clarinete 5 - Panta Salazar Claudio Germán;2;2;1;
27;Clarinete 5;Clarinete 5 - Vargas Guevara Luis Enrique;2;2;1;
28;Clarinete 7;Clarinete 7 - Eca Fiestas José Luis;2;2;1;
30;Clarinete 7;Clarinete 7 - Melgar Morán Luis Alberto;2;2;1;
31;Clarinete 7;Clarinete 7 - Panta Salazar Claudio Germán;2;2;1;
29;Clarinete 7;Clarinete 7 - Vargas Guevara Luis Enrique;2;2;1;
32;Clarinete 9;Clarinete 9 - Eca Fiestas José Luis;2;2;1;
SCL001;Clarinet Comp 1;Clarinete complementario 1;2;2;1;
SCL002;Clarinet Comp 2;Clarinete complementario 2;2;2;1;
SCL003;Clarinet Comp 3;Clarinete complementario 3;2;2;1;
FECL 201;Clarinete I;Clarinete I;2;2;1;
FECL 202;Clarinete II;Clarinete II;2;2;1;
FECL 203;Clarinete III;Clarinete III;2;2;1;
FECL 204;Clarinete IV;Clarinete IV;2;2;1;
FECL 209;Clarinete IX;Clarinete IX;2;2;1;
FECL 205;Clarinete V;Clarinete V;2;2;1;
FECL 206;Clarinete VI;Clarinete VI;2;2;1;
FECL 207;Clarinete VII;Clarinete VII;2;2;1;
FECL 208;Clarinete VIII;Clarinete VIII;2;2;1;
FECL 210;Clarinete X;Clarinete X;2;2;1;
SCV001;Clavecín Comp 1;Clavecín complementario 1;2;2;1;
SCV002;Clavecín Comp 2;Clavecín complementario 2;2;2;1;
SCV003;Clavecín Comp 3;Clavecín complementario 3;2;2;1;
SCV004;Clavecín Comp 4;Clavecín complementario 4;2;2;1;
SCV005;Clavecín Comp 5;Clavecín complementario 5;2;2;1;
SCV006;Clavecín Comp 6;Clavecín complementario 6;2;2;1;
SCO101;Composición  1;Composición  1;2;2;1;
SCO102;Composición  2;Composición  2;2;2;1;
SCO103;Composición  3;Composición  3;2;2;1;
SCO104;Composición  4;Composición  4;2;2;1;
SCO105;Composición  5;Composición  5;2;2;1;
SCO106;Composición  6;Composición  6;2;2;1;
SCO107;Composición  7;Composición  7;2;2;1;
SCO108;Composición  8;Composición  8;2;2;1;
SCO109;Composición  9;Composición  9;2;2;1;
35;Composición 1;Composición 1 - Bonilla García Benjamín Augusto;2;2;1;
36;Composición 1;Composición 1 - Velarde Chong Nilo Augusto;2;2;1;
SCO110;Composición 10;Composición 10;2;2;1;
37;Composición 3 ;Composición 3 - Bonilla García Benjamín Augusto;2;2;1;
40;Composición 5;Composición 5 - Bonilla García Benjamín Augusto;2;2;1;
39;Composición 5;Composición 5 - Sosaya Wekselman José Roberto;2;2;1;
38;Composición 5;Composición 5 - Valdez Ortiz Dante Edmundo;2;2;1;
41;Composición 6 ;Composición 6 - Velarde Chong Nilo Augusto;2;2;1;
43;Composición 7;Composición 7- Sosaya Wekselman José Roberto;2;2;1;
44;Composición 8;Composición 8 - Bonilla García Benjamín Augusto;2;2;1;
FECM 101;Composición I ;Composición I ;2;2;1;
FECM 102;Composición II;Composición II;2;2;1;
FECM 103;Composición III;Composición III;2;2;1;
FECM 104;Composición IV;Composición IV;2;2;1;
FECM 109;Composición IX;Composición IX;2;2;1;
FECM 105;Composición V;Composición V;2;2;1;
FECM 106;Composición VI;Composición VI;2;2;1;
FECM 107;Composición VII;Composición VII;2;2;1;
FECM 108;Compsición VIII;Composición VIII;2;2;1;
FECM 110;Composición X;Composición X;2;2;1;
FGIN 101;C Y P deTex acd;Comprensión y Producción de Textos Académicos;1;2;1;
SFH202;Comunicación;Comunicación;1;2;1;
SCL401;Conj. de Clarinete  1;Conjunto de clarinete  1;1;2;1;
SCL402;Conj. de clarinete  2;Conjunto de clarinete  2;1;2;1;
SCL403;Conj. de clarinete  3;Conjunto de clarinete  3;1;2;1;
SCL404;Conj. de clarinete  4;Conjunto de clarinete  4;1;2;1;
SCL405;Conj. de clarinete  5;Conjunto de clarinete  5;1;2;1;
SCL406;Conj. de clarinete  6;Conjunto de clarinete  6;1;2;1;
SCL407;Conj. de clarinete  7;Conjunto de clarinete  7;1;2;1;
SCL408;Conj. de clarinete  8;Conjunto de clarinete  8;1;2;1;
SCL409;Conj. de clarinete  9;Conjunto de clarinete  9;1;2;1;
SCL410;Conj. de clarinete 10;Conjunto de clarinete 10;1;2;1;
SCR401;Conj de Corno 1;Conjunto de corno  1;1;2;1;
SCR402;Conj. de corno 2;Conjunto de corno  2;1;2;1;
SCR403;Conj. de corno 3;Conjunto de corno  3;1;2;1;
SCR404;Conj. de corno 4;Conjunto de corno  4;1;2;1;
SCR405;Conj. de corno 5;Conjunto de corno  5;1;2;1;
SCR406;Conj. de corno 6;Conjunto de corno  6;1;2;1;
SCR407;Conj. de corno 7;Conjunto de corno  7;1;2;1;
SCR408;Conj. de corno 8;Conjunto de corno  8;1;2;1;
SCR409;Conj. de corno 9;Conjunto de corno  9;1;2;1;
SCR410;Conj. de corno 10;Conjunto de corno 10;1;2;1;
SEU401;Conjunto de eufon.  1;Conjunto de eufonio  1;1;2;1;
SEU402;Conjunto de eufon.  2;Conjunto de eufonio  2;1;2;1;
SEU403;Conjunto de eufon.  3;Conjunto de eufonio  3;1;2;1;
SEU404;Conjunto de eufon.  4;Conjunto de eufonio  4;1;2;1;
SEU405;Conjunto de eufon.  5;Conjunto de eufonio  5;1;2;1;
SEU406;Conjunto de eufon.  6;Conjunto de eufonio  6;1;2;1;
SEU407;Conjunto de eufon.  7;Conjunto de eufonio  7;1;2;1;
SEU408;Conjunto de eufon.  8;Conjunto de eufonio  8;1;2;1;
SEU409;Conjunto de eufon.  9;Conjunto de eufonio  9;1;2;1;
SEU410;Conjunto de eufon. 10;Conjunto de eufonio 10;1;2;1;
SFG401;Conj de Fagot  1;Conjunto de fagot  1;1;2;1;
SFG402;Conj. de fagot  2;Conjunto de fagot  2;1;2;1;
SFG403;Conj. de fagot  3;Conjunto de fagot  3;1;2;1;
SFG404;Conj. de fagot  4;Conjunto de fagot  4;1;2;1;
SFG405;Conj. de fagot  5;Conjunto de fagot  5;1;2;1;
SFG406;Conj. de fagot  6;Conjunto de fagot  6;1;2;1;
SFG407;Conj. de fagot  7;Conjunto de fagot  7;1;2;1;
SFG408;Conj. de fagot  8;Conjunto de fagot  8;1;2;1;
SFG409;Conj. de fagot  9;Conjunto de fagot  9;1;2;1;
SFG410;Conj. de fagot 10;Conjunto de fagot 10;1;2;1;
SFL401;conj. de flauta  1;Conjunto de flauta  1;1;2;1;
SFL402;Conj. de flauta  2;Conjunto de flauta  2;1;2;1;
SFL403;Conj. de flauta  3;Conjunto de flauta  3;1;2;1;
SFL404;Conj. de flauta  4;Conjunto de flauta  4;1;2;1;
SFL405;Conj. de flauta  5;Conjunto de flauta  5;1;2;1;
SFL406;Conj. de flauta  6;Conjunto de flauta  6;1;2;1;
SFL407;Conj. de flauta  7;Conjunto de flauta  7;1;2;1;
SFL408;Conj. de flauta  8;Conjunto de flauta  8;1;2;1;
SFL409;Conj. de flauta  9;Conjunto de flauta  9;1;2;1;
SFL410;Conj. de flauta 10;Conjunto de flauta 10;1;2;1;
SFD401;Conj de Flauta Dulce  1;Conjunto de Flauta Dulce  1;1;2;1;
SFD402;Conj de Flauta Dulce  2;Conjunto de Flauta Dulce  2;1;2;1;
SFD403;Conj de Flauta Dulce  3;Conjunto de Flauta Dulce  3;1;2;1;
SFD404;Conj de Flauta Dulce  4;Conjunto de Flauta Dulce  4;1;2;1;
SFD405;Conj de Flauta Dulce  5;Conjunto de Flauta Dulce  5;1;2;1;
SFD406;Conj de Flauta Dulce  6;Conjunto de Flauta Dulce  6;1;2;1;
SFD407;Conj de Flauta Dulce  7;Conjunto de Flauta Dulce  7;1;2;1;
SFD408;Conj de Flauta Dulce  8;Conjunto de Flauta Dulce  8;1;2;1;
SFD409;Conj de Flauta Dulce  9;Conjunto de Flauta Dulce  9;1;2;1;
SFD410;Conj de Flauta Dulce 10;Conjunto de Flauta Dulce 10;1;2;1;
SPP031;Conj. de Guitarras  1;Conjunto de Guitarras  1;1;2;1;
SPP032;Conj. de Guitarras  2;Conjunto de Guitarras  2;1;2;1;
SPP033;Conj. de Guitarras  3;Conjunto de Guitarras  3;1;2;1;
SPP034;Conj. de Guitarras  4;Conjunto de Guitarras  4;1;2;1;
SPP035;Conj. de Guitarras  5;Conjunto de Guitarras  5;1;2;1;
SPP036;Conj. de Guitarras  6;Conjunto de Guitarras  6;1;2;1;
SOB401;Conj de oboe  1;Conjunto de Oboe  1;1;2;1;
SOB402;Conj. de oboe  2;Conjunto de Oboe  2;1;2;1;
SOB403;Conj. de oboe  3;Conjunto de Oboe  3;1;2;1;
SOB404;Conj. de oboe  4;Conjunto de Oboe  4;1;2;1;
SOB405;Conj. de oboe  5;Conjunto de Oboe  5;1;2;1;
SOB406;Conj. de oboe  6;Conjunto de Oboe  6;1;2;1;
SOB407;Conj. de oboe  7;Conjunto de Oboe  7;1;2;1;
SOB408;Conj. de oboe  8;Conjunto de Oboe  8;1;2;1;
SOB409;Conj. de oboe  9;Conjunto de Oboe  9;1;2;1;
SOB410;Conj. de oboe 10;Conjunto de Oboe 10;1;2;1;
SPE401;Conj de percusión  1;Conjunto de percusión  1;1;2;1;
SPE402;Conj de percusión  2;Conjunto de percusión  2;1;2;1;
SPE403;Conj de percusión  3;Conjunto de percusión  3;1;2;1;
SPE404;Conj de percusión  4;Conjunto de percusión  4;1;2;1;
SPE405;Conj de percusión  5;Conjunto de percusión  5;1;2;1;
SPE406;Conj de percusión  6;Conjunto de percusión  6;1;2;1;
SPE407;Conj de percusión  7;Conjunto de percusión  7;1;2;1;
SPE408;Conj de percusión  8;Conjunto de percusión  8;1;2;1;
SPE409;Conj de percusión  9;Conjunto de percusión  9;1;2;1;
SPE410;Conj de percusión 10;Conjunto de percusión 10;1;2;1;
SSX401;Conj. de Saxo  1;Conjunto de saxo  1;1;2;1;
SSX402;Conj. de saxo  2;Conjunto de saxo  2;1;2;1;
SSX403;Conj. de saxo  3;Conjunto de saxo  3;1;2;1;
SSX404;Conj. de saxo  4;Conjunto de saxo  4;1;2;1;
SSX405;Conj. de saxo  5;Conjunto de saxo  5;1;2;1;
SSX406;Conj. de saxo  6;Conjunto de saxo  6;1;2;1;
SSX407;Conj. de saxo  7;Conjunto de saxo  7;1;2;1;
SSX408;Conj. de saxo  8;Conjunto de saxo  8;1;2;1;
SSX409;Conj. de saxo  9;Conjunto de saxo  9;1;2;1;
SSX410;Conj. de saxo 10;Conjunto de saxo 10;1;2;1;
STB401;Conj. de Trombón  1;Conjunto de trombón  1;1;2;1;
STB402;Conj. de trombón  2;Conjunto de trombón  2;1;2;1;
STB403;Conj. de trombón  3;Conjunto de trombón  3;1;2;1;
STB404;Conj. de trombón  4;Conjunto de trombón  4;1;2;1;
STB405;Conj. de trombón  5;Conjunto de trombón  5;1;2;1;
STB406;Conj. de trombón  6;Conjunto de trombón  6;1;2;1;
STB407;Conj. de trombón  7;Conjunto de trombón  7;1;2;1;
STB408;Conj. de trombón  8;Conjunto de trombón  8;1;2;1;
STB409;Conj. de trombón  9;Conjunto de trombón  9;1;2;1;
STB410;Conj. de trombón 10;Conjunto de trombón 10;1;2;1;
STP401;Conj deTrompeta 1;Conjunto de trompeta  1;1;2;1;
STP402;Conj. de trompeta 2;Conjunto de trompeta  2;1;2;1;
STP403;Conj. de trompeta 3;Conjunto de trompeta  3;1;2;1;
STP404;Conj. de trompeta 4;Conjunto de trompeta  4;1;2;1;
STP405;Conj. de trompeta 5;Conjunto de trompeta  5;1;2;1;
STP406;Conj. de trompeta 6;Conjunto de trompeta  6;1;2;1;
STP407;Conj. de trompeta 7;Conjunto de trompeta  7;1;2;1;
STP408;Conj. de trompeta 8;Conjunto de trompeta  8;1;2;1;
STP409;Conj. de trompeta 9;Conjunto de trompeta  9;1;2;1;
STP410;Conj. de trompeta 10;Conjunto de trompeta 10;1;2;1;
STU401;Conj. de tuba 1;Conjunto de tuba  1;1;2;1;
STU402;Conj. de tuba  2;Conjunto de tuba  2;1;2;1;
STU403;Conj. de tuba  3;Conjunto de tuba  3;1;2;1;
STU404;Conj. de tuba  4;Conjunto de tuba  4;1;2;1;
STU405;Conj. de tuba  5;Conjunto de tuba  5;1;2;1;
STU406;Conj. de tuba  6;Conjunto de tuba  6;1;2;1;
STU407;Conj. de tuba  7;Conjunto de tuba  7;1;2;1;
STU408;Conj. de tuba  8;Conjunto de tuba  8;1;2;1;
STU409;Conj. de tuba  9;Conjunto de tuba  9;1;2;1;
STU410;Conj. de tuba 10;Conjunto de tuba 10;1;2;1;
SFH802;Constitu, Polít;Constitución Política;1;2;1;
SCB101;Contrabajo  1;Contrabajo  1;2;2;1;
SCB102;Contrabajo  2;Contrabajo  2;2;2;1;
SCB103;Contrabajo  3;Contrabajo  3;2;2;1;
SCB104;Contrabajo  4;Contrabajo  4;2;2;1;
SCB105;Contrabajo  5;Contrabajo  5;2;2;1;
SCB106;Contrabajo  6;Contrabajo  6;2;2;1;
SCB107;Contrabajo  7;Contrabajo  7;2;2;1;
SCB108;Contrabajo  8;Contrabajo  8;2;2;1;
SCB109;Contrabajo  9;Contrabajo  9;2;2;1;
SCB110;Contrabajo 10;Contrabajo 10;2;2;1;
45;Contrabajo 2;Contrabajo 2 - Santander Alvarado Henry Iván;2;2;1;
46;Contrabajo 3;Contrabajo 3 - Santander Alvarado Henry Iván;2;2;1;
SCB001;Cont Comp 1;Contrabajo complementario 1;2;2;1;
SCB002;Cont Comp 2;Contrabajo complementario 2;2;2;1;
SCB003;Cont Comp 3;Contrabajo complementario 3;2;2;1;
FECT 101;Contrabajo I;Contrabajo I;2;2;1;
FECT 102;Contrabajo II;Contrabajo II;2;2;1;
FECT 103;Contrabajo III;Contrabajo III;2;2;1;
FECT 104;Contrabajo IV;Contrabajo IV;2;2;1;
FECT 109;Contrabajo IX;Contrabajo IX;2;2;1;
FECT 105;Contrabajo V;Contrabajo V;2;2;1;
FECT 106;Contrabajo VI;Contrabajo VI;2;2;1;
FECT 107;Contrabajo VII;Contrabajo VII;2;2;1;
FECT 108;Contrabajo VIII;Contrabajo VIII;2;2;1;
FECT 110;Contrabajo X;Contrabajo X;2;2;1;
SFM201;Contrapunto 1;Contrapunto 1;1;2;1;
SFM202;Contrapunto 2;Contrapunto 2;1;2;1;
SFM203;Contrapunto 3;Contrapunto 3;1;2;1;
SFM204;Contrapunto 4;Contrapunto 4;1;2;1;
FMCO 301;Contrap- I;Contrapunto I;1;2;1;
FMCO 302;Contrap- II;Contrapunto II;1;2;1;
FMCO 303;Contrap- III;Contrapunto III;1;2;1;
FMCO 304;Contrap- IV;Contrapunto IV;1;2;1;
SCR101;Corno  1;Corno  1;2;2;1;
SCR102;Corno  2;Corno  2;2;2;1;
SCR103;Corno  3;Corno  3;2;2;1;
SCR104;Corno  4;Corno  4;2;2;1;
SCR105;Corno  5;Corno  5;2;2;1;
SCR106;Corno  6;Corno  6;2;2;1;
SCR107;Corno  7;Corno  7;2;2;1;
SCR108;Corno  8;Corno  8;2;2;1;
SCR109;Corno  9;Corno  9;2;2;1;
47;Corno 1;Corno 1 - Benemelis Basulto Marcos;2;2;1;
SCR110;Corno 10;Corno 10;2;2;1;
49;Corno 10;Corno 10 - Mosquera Zavala José;2;2;1;
48;Corno 3;Corno 3 - Benemelis Basulto Marcos;2;2;1;
SCR001;Corno Comp 1;Corno complementario 1;2;2;1;
SCR002;Corno Comp 2;Corno complementario 2;2;2;1;
SCR003;Corno Comp 3;Corno complementario 3;2;2;1;
FECR 201;Corno I;Corno I;2;2;1;
FECR 202;Corno II;Corno II;2;2;1;
FECR 203;Corno III;Corno III;2;2;1;
FECR 204;Corno IV;Corno IV;2;2;1;
FECR 209;Corno IX;Corno IX;2;2;1;
FECR 205;Corno V;Corno V;2;2;1;
FECR 206;Corno VI;Corno VI;2;2;1;
FECR 207;Corno VII;Corno VII;2;2;1;
FECR 208;Corno VIII;Corno VIII;2;2;1;
FECR 210;Corno X;Corno X;2;2;1;
SPP021;Coro  1;Coro  1;1;2;1;
SPP022;Coro  2;Coro  2;1;2;1;
SPP023;Coro  3;Coro  3;1;2;1;
SPP024;Coro  4;Coro  4;1;2;1;
SPP025;Coro  5;Coro  5;1;2;1;
SPP026;Coro  6;Coro  6;1;2;1;
SPP027;Coro  7;Coro  7;1;2;1;
SPP028;Coro  8;Coro  8;1;2;1;
SPP029;Coro  9;Coro  9;1;2;1;
SPP030;Coro 10;Coro 10;1;2;1;
FECO 305;C. V. - I;Coro de Varones I;1;2;1;
FECO 306;C. V. - II;Coro de Varones II;1;2;1;
FECO 307;C. V. - III;Coro de Varones III;1;2;1;
FECO 308;C. V. - IV;Coro de Varones IV;1;2;1;
FECO 301;C. G. - I;Coro General I;1;2;1;
FECO 302;C. G. - II;Coro General II;1;2;1;
FECO 303;C. G. - III;Coro General III;1;2;1;
FECO 304;C. G. - IV ;Coro General IV;1;2;1;
FECO 309;C. T. - I;Coro Taller I;1;2;1;
FECO 310;C. T. - II;Coro Taller II;1;2;1;
FECO 311;C. T. - III;Coro Taller III;1;2;1;
FECO 312;C. T. - IV;Coro Taller IV;1;2;1;
SED280;Crea. de Mat. Musical Ped.;Creación de Material Musical Pedagógico;1;2;1;
FEMP 801;C. M,M,P - I;Creación del Material Musical Pedagógico I;1;2;1;
FEMP 802;C. M,M,P - II;Creación del Material Musical Pedagógico II;1;2;1;
FEMU 106;C. P. C. - I;Curso y Práctica de Campo I;1;2;1;
FEMU 107;C. P. C. - II;Curso y Práctica de Campo II;1;2;1;
ELEC 109;D. A. P. I. M;Derechos de autor y propiedad intelectual para músicos ;1;2;1;
SCA511;Desp Esc 1;Desplazamiento escénico 1;1;2;1;
SCA512;Desp Esc 2;Desplazamiento escénico 2;1;2;1;
FEDS 501;D. E. - I;Desplazamiento escénico I ;1;2;1;
FEDS 502;D. E. - II;Desplazamiento escénico II;1;2;1;
SFH231;Dicción 1;Dicción 1;1;2;1;
SFH232;Dicción 2;Dicción 2;1;2;1;
SFH233;Dicción 3;Dicción 3;1;2;1;
SFH234;Dicción 4;Dicción 4;1;2;1;
FEDF 902;D. F. I. - II;Dicción Alemana e Inglesa;1;2;1;
FEDF 901;D. F. I. - I;Dicción Italiana y Francesa;1;2;1;
FEDF 903;D. F. I. - III;Dicción y fonética  Internacional III;1;2;1;
FEDF 904;D. F. I. - IV;Dicción y fonética  Internacional IV ;1;2;1;
SED181;Didáctica;Didáctica;1;2;1;
SDC101;Dir Coral  1;Dirección coral  1;2;2;1;
50;Dirección coral;Dirección coral  1 - Zegarra Coronado Enrique Francisco;2;2;1;
SDC102;Dir Coral  2;Dirección coral  2;2;2;1;
SDC103;Dir Coral  3;Dirección coral  3;2;2;1;
SDC104;Dir Coral  4;Dirección coral  4;2;2;1;
SDC105;Dir Coral  5;Dirección coral  5;2;2;1;
SDC106;Dir Coral  6;Dirección coral  6;2;2;1;
SDC107;Dir Coral  7;Dirección coral  7;2;2;1;
SDC108;Dir Coral  8;Dirección coral  8;2;2;1;
SDC109;Dir Coral  9;Dirección coral  9;2;2;1;
SDC110;Dir Coral 10;Dirección coral 10;2;2;1;
51;Direcc. coral 2;Dirección coral 2 - Zegarra Coronado Enrique Francisco;2;2;1;
53;Direcc. coral 3;Dirección coral 3 - García Barraza Rosario Elena;2;2;1;
52;Direcc. coral 3;Dirección coral 3 - Zegarra Coronado Enrique Francisco;2;2;1;
54;Direcc. coral 5;Dirección coral 5 - García Barraza Rosario Elena;2;2;1;
56;Direcc. coral 9;Dirección coral 9 - García Barraza Rosario Elena;2;2;1;
55;Direcc. coral 9;Dirección coral 9 - Gutiérrez Baella José Antonio;2;2;1;
FEDC 101;Dr. coral I;Dirección coral I;2;2;1;
FEDC 102;Dr. coral II;Dirección coral II;2;2;1;
FEDC 103;Dr. coral III;Dirección coral III;2;2;1;
FEDC 104;Dr. coral IV;Dirección coral IV;2;2;1;
FEDC 109;Dr. coral IX;Dirección coral IX;2;2;1;
FEDC 105;Dr. coral V;Dirección coral V;2;2;1;
FEDC 106;Dr. coral VI;Dirección coral VI;2;2;1;
FEDC 107;Dr. coral VII;Dirección coral VII;2;2;1;
FEDC 108;Dr. coral VIII;Dirección coral VIII;2;2;1;
FEDC 110;Dr. coral X;Dirección coral X;2;2;1;
SDI151;Dir Conj Instrument. 1;Dirección de Conjuntos Instrumentales 1;1;2;1;
SDI152;Dir Conj Instrument. 2;Dirección de Conjuntos Instrumentales 2;1;2;1;
SDI153;Dir Conj Instrument. 3;Dirección de Conjuntos Instrumentales 3;1;2;1;
SDI154;Dir Conj Instrument. 4;Dirección de Conjuntos Instrumentales 4;1;2;1;
SDI161;Dir Conj Vocales 1;Dirección de Conjuntos Vocales 1;1;2;1;
SDI162;Dir Conj Vocales 2;Dirección de Conjuntos Vocales 2;1;2;1;
SDI163;Dir Conj Vocales 3;Dirección de Conjuntos Vocales 3;1;2;1;
SDI164;Dir Conj Vocales 4;Dirección de Conjuntos Vocales 4;1;2;1;
SDI101;Dir Inst  1;Dirección Instrumental  1;2;2;1;
SDI131;Dir Inst 1;Dirección Instrumental  1;1;2;1;
FEDI 901;Dirción Instr 1;Dirección Instrumental - 1;1;2;1;
SDI132;Dir Inst 2 ;Dirección Instrumental  2;1;2;1;
SDI102;Dir Inst 2;Dirección Instrumental  2;2;2;1;
FEDI 902;Dirción Instr 2;Dirección Instrumental - 2;1;2;1;
SDI103;Dir Inst  3;Dirección Instrumental  3;2;2;1;
SDI104;Dir Inst  4;Dirección Instrumental  4;2;2;1;
SDI105;Dir Inst  5;Dirección Instrumental  5;2;2;1;
SDI106;Dir Inst  6;Dirección Instrumental  6;2;2;1;
SDI107;Dir Inst  7;Dirección Instrumental  7;2;2;1;
SDI108;Dir Inst  8;Dirección Instrumental  8;2;2;1;
SDI109;Dir Inst  9;Dirección Instrumental  9;2;2;1;
SDI110;Dir Inst 10;Dirección Instrumental 10;2;2;1;
FEDR 101;Dr. Intru. - I;Dirección Instrumental I;2;2;1;
FEDR 102;Dr. Intru. - II;Dirección Instrumental II;2;2;1;
FEDR 103;Dr. Intru.- III;Dirección Instrumental III;2;2;1;
FEDR 104;Dr. Intru.- IV;Dirección Instrumental IV;2;2;1;
FEDR 109;Dr. Intru.- IX;Dirección Instrumental IX;2;2;1;
FEDR 105;Dr. Intru.- V;Dirección Instrumental V;2;2;1;
FEDR 106;Dr. Intru.- VI;Dirección Instrumental VI;2;2;1;
FEDR 107;Dr. Intru.- VII;Dirección Instrumental VII;2;2;1;
FEDR 108;Dr. Intru.-VIII;Dirección Instrumental VIII;2;2;1;
FEDR 110;Dr. Intru.- X;Dirección Instrumental X;2;2;1;
1000;Doc.Acad.alumno;Documentos académicos para el alumno;2;2;1;
S00000;otro;Electivo 1 (Gestión profesional y portafolio);1;2;1;
S0000;Emp.  S. T. M;Electivo 2 (Emprendimiento social a través de la música);1;2;1;
S00002;electivo 3 EPEP;electivo 3 (Estrategias practicas para el éxito académico);1;2;1;
S00004;electivo AS;electivo 4 (Arte sonoro);1;2;1;
S00003;electivo HTPNM;ELECTIVO Notación musical tecnológica- ;1;2;1;
S00006;QUECHUA;ELECTIVO -QUECHUA;1;2;1;
S00001;TALLER. EXPR;ELECTIVO Taller de Expresión Corporal-;1;2;1;
FEIM 201;E. I. M;Elemento de la Informática Musical;1;2;1;
SDI021;Elem de Dirección 1;Elementos de Dirección 1;1;2;1;
SDI022;Elem de Dirección 2;Elementos de Dirección 2;1;2;1;
FMEI 801;E. I.- I;Elementos de improvisación I;1;2;1;
FEDR 111;E. D. C;Elementos de la Dirección Coral;1;2;1;
FEDC 112;E. D. I;Elementos de la Dirección Instrumental;1;2;1;
FMEI 802;E. I.- II;Elementos de la improvisación II;1;2;1;
FMEI 803;E. I. O. M.-I;Elementos de la improvisación y ornamentación musical histórica I;1;2;1;
FMEI 804;E. I. O. M.H-II;Elementos de la improvisación y ornamentación musical histórica II;1;2;1;
FETM 201;E. T. M;Elementos de la Tecnología Musical;1;2;1;
FEEC 101;E. Clari. - I;Ensamble de Clarinete I;1;2;1;
FEEC 102;E. Clari. - II;Ensamble de Clarinete II;1;2;1;
FEEC 103;E. Clari. - III;Ensamble de Clarinete III;1;2;1;
FEEH 101;E. Cor. - I;Ensamble de Corno I;1;2;1;
FEEH 102;E. Cor. - II;Ensamble de Corno II;1;2;1;
FEEH 103;E. Cor. - III;Ensamble de Corno III;1;2;1;
FEEE 101;E. Eufo. - I;Ensamble de Eufonio I;1;2;1;
FEEE 102;E. Eufo. - II;Ensamble de Eufonio II;1;2;1;
FEEE 103;E. Eufo. - III;Ensamble de Eufonio III;1;2;1;
FEEG 101;E. Fagt - I;Ensamble de Fagot I;1;2;1;
FEEG 102;E. Fagt - II;Ensamble de Fagot II;1;2;1;
FEEG 103;E. Fagt - III;Ensamble de Fagot III;1;2;1;
FEED 101;E. Fla.D- I;Ensamble de Flauta dulce I;1;2;1;
FEED 102;E. Fla.D- II;Ensamble de Flauta dulce II;1;2;1;
FEED 103;E. Fla.D- III;Ensamble de Flauta dulce III;1;2;1;
FEEF 101;E. Fla. T- I;Ensamble de Flauta traversa I;1;2;1;
FEEF 102;E. Fla. T- II;Ensamble de Flauta traversa II;1;2;1;
FEEF 103;E. Fla. T- III;Ensamble de Flauta traversa III;1;2;1;
FEEG 201;E. Guit - I;Ensamble de Guitarra  I;1;2;1;
FEEG 202;E. Guit - II;Ensamble de Guitarra  II;1;2;1;
FEEG 203;E. Guit - III;Ensamble de Guitarra  III;1;2;1;
FEEG 204;E. Guit - IV;Ensamble de Guitarra  IV;1;2;1;
FEEO 101;E. Oboe - I;Ensamble de Oboe I;1;2;1;
FEEO 102;E. Oboe - II;Ensamble de Oboe II;1;2;1;
FEEO 103;E. Oboe - III;Ensamble de Oboe III;1;2;1;
FEEP 101;Ens de Per - I;Ensamble de Percusión I ;1;2;1;
FEEP 102;Ens de Per - II;Ensamble de Percusión II ;1;2;1;
FEEP 103;Ens d Per - III;Ensamble de Percusión III;1;2;1;
FEEP 104;Ens d Per - IV;Ensamble de Percusión IV  ;1;2;1;
FEEP 105;Ens de Per - V;Ensamble de Percusión V  ;1;2;1;
FEEP 106;Ens d Per - VI;Ensamble de Percusión VI;1;2;1;
FEES 101;E. Sax - i;Ensamble de Saxofón I;1;2;1;
FEES 102;E. Sax - II;Ensamble de Saxofón II;1;2;1;
FEES 103;E. Sax - III;Ensamble de Saxofón III;1;2;1;
FEEB 101;E. Trom - I;Ensamble de Trombón I;1;2;1;
FEEB 102;E. Trom - II;Ensamble de Trombón II;1;2;1;
FEEB 103;E. Trom - III;Ensamble de Trombón III;1;2;1;
FEER 103;E. Tropt- III;Ensamble de Trompeta  III;1;2;1;
FEER 101;E. Tropt- i;Ensamble de Trompeta I;1;2;1;
FEER 102;E. Tropt- II;Ensamble de Trompeta II;1;2;1;
FEEU 101;E. Tuba - I;Ensamble de Tuba I;1;2;1;
FEEU 102;E. Tuba - II;Ensamble de Tuba II;1;2;1;
FEEU 103;E. Tuba - III;Ensamble de Tuba III;1;2;1;
SPP051;Ensamble Vocal 1;Ensamble Vocal  1;1;2;1;
SPP052;Ensamble Vocal 2;Ensamble Vocal  2;1;2;1;
SPP053;Ensamble Vocal 3;Ensamble Vocal  3;1;2;1;
SPP054;Ensamble Vocal 4;Ensamble Vocal  4;1;2;1;
FESV 201;E. V. - I;Ensamble Vocal I;1;2;1;
FESV 202;E. V. - II;Ensamble Vocal II;1;2;1;
FESV 203;E. V. - III;Ensamble Vocal III;1;2;1;
FESV 204;E. V. - IV;Ensamble Vocal IV;1;2;1;
ELEC 105;E.M.P;Ensambles de música popular;1;2;1;
FEPD 201;Ensayo I ;Ensayo I ;1;2;1;
FEPD 202;Ensayo II;Ensayo II;1;2;1;
FEPD 203;Ensayo III;Ensayo III;1;2;1;
FEPD 204;Ensayo IV;Ensayo IV;1;2;1;
FEPD 205;Ensayo V;Ensayo V;1;2;1;
FEPD 206;Ensayo VI;Ensayo VI;1;2;1;
FEPD 207;Ensayo VII;Ensayo VII;1;2;1;
FEPD 208;Ensayo VIII;Ensayo VIII;1;2;1;
ELEC 110;E. M. P. M;Estrategias de marketing para músicos;1;2;1;
SFH712;Ética;Ética;1;2;1;
SEU102;Eufonio  2;Eufonio  2;2;2;1;
SEU103;Eufonio  3;Eufonio  3;2;2;1;
SEU104;Eufonio  4;Eufonio  4;2;2;1;
SEU105;Eufonio  5;Eufonio  5;2;2;1;
SEU106;Eufonio  6;Eufonio  6;2;2;1;
SEU107;Eufonio  7;Eufonio  7;2;2;1;
SEU108;Eufonio  8;Eufonio  8;2;2;1;
SEU109;Eufonio  9;Eufonio  9;2;2;1;
SEU101;Eufonio  1;Eufonio 1;2;2;1;
60;Eufonio 1;Eufonio 1 - Delgado Torrejón Víctor Manuel;2;2;1;
SEU110;Eufonio 10;Eufonio 10;2;2;1;
57;Eufonio 3;Eufonio 3 - Delgado Torrejón Víctor Manuel;2;2;1;
58;Eufonio 5;Eufonio 5 - Reyes Díaz Erikson Hilario;2;2;1;
59;Eufonio 6;Eufonio 6 - Reyes Díaz Erikson Hilario;2;2;1;
FEUF 201;Eufonio- I;Eufonio I;2;2;1;
FEUF 202;Eufonio- II;Eufonio II;2;2;1;
FEUF 203;Eufonio- III;Eufonio III;2;2;1;
FEUF 204;Eufonio- IV;Eufonio IV;2;2;1;
FEUF 209;Eufonio- IX;Eufonio IX;2;2;1;
FEUF 205;Eufonio- V;Eufonio V;2;2;1;
FEUF 206;Eufonio- VI;Eufonio VI;2;2;1;
FEUF 207;Eufonio- VII;Eufonio VII;2;2;1;
FEUF 208;Eufonio- VIII;Eufonio VIII;2;2;1;
FEUF 210;Eufonio- X;Eufonio X;2;2;1;
SCA501;Expresión corporal 1;Expresión corporal 1;1;2;1;
SCA502;Expresión corporal 2;Expresión corporal 2;1;2;1;
FECP 801 ;Ex. Cor-I;Expresión corporal I;1;2;1;
FECP 8012;Ex. Cor-II;Expresión corporal II;1;2;1;
SFG101;Fagot  1;Fagot  1;2;2;1;
SFG102;Fagot  2;Fagot  2;2;2;1;
SFG103;Fagot  3;Fagot  3;2;2;1;
SFG104;Fagot  4;Fagot  4;2;2;1;
SFG105;Fagot  5;Fagot  5;2;2;1;
SFG106;Fagot  6;Fagot  6;2;2;1;
SFG107;Fagot  7;Fagot  7;2;2;1;
SFG108;Fagot  8;Fagot  8;2;2;1;
SFG109;Fagot  9;Fagot  9;2;2;1;
61;Fagot 1;Fagot 1 - Mihaylov Toma Petrov;2;2;1;
62;Fagot 1;Fagot 1 - Palomino Ruidías Víctor Iván;2;2;1;
SFG110;Fagot 10;Fagot 10;2;2;1;
63;Fagot 3;Fagot 3 - Palomino Ruidías Víctor Iván;2;2;1;
64;Fagot 9;Fagot 9 - Palomino Ruidías Víctor Iván;2;2;1;
SFG001;Fagot Comp 1;Fagot complementario 1;2;2;1;
SFG002;Fagot Comp 2;Fagot complementario 2;2;2;1;
SFG003;Fagot Comp 3;Fagot complementario 3;2;2;1;
FEFG 201;Fagot - I;Fagot I;2;2;1;
FEFG 202;Fagot - II;Fagot II;2;2;1;
FEFG 203;Fagot - III;Fagot III;2;2;1;
FEFG 204;Fagot - IV;Fagot IV;2;2;1;
FEFG 209;Fagot - IX;Fagot IX;2;2;1;
FEFG 205;Fagot - V;Fagot V;2;2;1;
FEFG 206;Fagot - VI;Fagot VI;2;2;1;
FEFG 207;Fagot - VII;Fagot VII;2;2;1;
FEFG 208;Fagot - VIII;Fagot VIII;2;2;1;
FEFG 210;Fagot - X;Fagot X;2;2;1;
SCA400;Fisiología e hi;Fisiología e higiene de la voz;1;2;1;
SFL101;Flauta  1;Flauta  1;2;2;1;
SFL102;Flauta  2;Flauta  2;2;2;1;
SFL103;Flauta  3;Flauta  3;2;2;1;
SFL104;Flauta  4;Flauta  4;2;2;1;
SFL105;Flauta  5;Flauta  5;2;2;1;
SFL106;Flauta  6;Flauta  6;2;2;1;
SFL107;Flauta  7;Flauta  7;2;2;1;
SFL108;Flauta  8;Flauta  8;2;2;1;
SFL109;Flauta  9;Flauta  9;2;2;1;
66;Flauta 1;Flauta 1 - Maldonado Castro Ricardo;2;2;1;
65;Flauta 1;Flauta 1 - Ruíz Rosas Samohod Florencia;2;2;1;
67;Flauta 1;Flauta 1 - Vivanco Sánchez César Andrés;2;2;1;
SFL110;Flauta 10;Flauta 10;2;2;1;
68;Flauta 3;Flauta 3 - Ruíz Rosas Samohod Florencia;2;2;1;
69;Flauta 4 ;Flauta 4 - Ruíz Rosas Samohod Florencia;2;2;1;
71;Flauta 9;Flauta 9 - Ruíz Rosas Samohod Florencia;2;2;1;
70;Flauta 9;Flauta 9 - Vivanco Sánchez César Andrés;2;2;1;
SFL001;Flauta Comp 1;Flauta complementaria 1;2;2;1;
SFL002;Flauta Comp 2;Flauta complementaria 2;2;2;1;
SFL003;Flauta Comp 3;Flauta complementaria 3;2;2;1;
SFD101;Flauta Dulce  1;Flauta Dulce  1;2;2;1;
SFD102;Flauta Dulce  2;Flauta Dulce  2;2;2;1;
SFD103;Flauta Dulce  3;Flauta Dulce  3;2;2;1;
SFD104;Flauta Dulce  4;Flauta Dulce  4;2;2;1;
SFD105;Flauta Dulce  5;Flauta Dulce  5;2;2;1;
SFD106;Flauta Dulce  6;Flauta Dulce  6;2;2;1;
SFD107;Flauta Dulce  7;Flauta Dulce  7;2;2;1;
SFD108;Flauta Dulce  8;Flauta Dulce  8;2;2;1;
SFD109;Flauta Dulce  9;Flauta Dulce  9;2;2;1;
72;Flauta dulce 1;Flauta dulce 1 - Portilla Arriola Sergio Fidel;2;2;1;
SFD110;Flauta Dulce 10;Flauta Dulce 10;2;2;1;
73;Flauta Dulce 5;Flauta Dulce 5 - Portilla Arriola Sergio Fidel;2;2;1;
74;Flauta dulce 8;Flauta dulce 8 - Portilla Arriola Sergio Fidel;2;2;1;
FEFD 201;Flta dulc I;Flauta dulce I;2;2;1;
FEFD 202;Flta dulc II;Flauta dulce II;2;2;1;
FEFD 203;Flta dulc III;Flauta dulce III;2;2;1;
FEFD 204;Flta dulc IV;Flauta dulce IV;2;2;1;
FEFD 209;Flta dulc IX;Flauta dulce IX;2;2;1;
FEFD 205;Flta dulc V;Flauta dulce V;2;2;1;
FEFD 206;Flta dulc VI;Flauta dulce VI;2;2;1;
FEFD 207;Flta dulc VII;Flauta dulce VII;2;2;1;
FEFD 208;Flta dulc VIII;Flauta dulce VIII;2;2;1;
FEFD 210;Flta dulc X;Flauta dulce X;2;2;1;
FEFT 201;Flta Trav I;Flauta traversa I;2;2;1;
FEFT 202;Flta Trav II;Flauta traversa II;2;2;1;
FEFT 203;Flta Trav III;Flauta traversa III;2;2;1;
FEFT 204;Flta Trav IV;Flauta traversa IV;2;2;1;
FEFT 209;Flta Trav IX;Flauta traversa IX;2;2;1;
FEFT 205;Flta Trav V;Flauta traversa V;2;2;1;
FEFT 206;Flta Trav VI;Flauta traversa VI;2;2;1;
FEFT 207;Flta Trav VII;Flauta traversa VII;2;2;1;
FEFT 208;Flta Trav VIII;Flauta traversa VIII;2;2;1;
FEFT 210;Flta Trav X;Flauta traversa X;2;2;1;
sfh821;Folklore Ms. Pr;Folklore Musical Peruano I;1;2;1;
SFH822;Folklore Ms. II;Folklore Musical Peruano II;1;2;1;
SFH300;Fonética Internac.;Fonética Internacional;1;2;1;
FEFO 101;F. D. L ;Fonética y Dicción Latina;1;2;1;
SFM211;Fuga 1;Fuga 1;1;2;1;
SFM212;Fuga 2;Fuga 2;1;2;1;
FETV 401;F. C. - I;Fundamentos del Canto I;1;2;1;
FETV 402;F. C. - II;Fundamentos del Canto II;1;2;1;
FGIN 105;G. C. ;Gestión Cultural ;1;2;1;
SFH330;Gest. Pat. Cult;Gestión de Patrimonio Cultural;1;2;1;
SFH341;Gestión Edu. Y Cult. 1;Gestión Educativa y Cultural 1;1;2;1;
SFH342;Gestión Edu. Y Cult. 2;Gestión Educativa y Cultural 2;1;2;1;
FEGC 901;G. E. C. - I;Gestión Educativa y Currículo I;1;2;1;
FEGC 902;G. E. C. - II;Gestión Educativa y Currículo II;1;2;1;
SGT101;Guitarra  1;Guitarra  1;2;2;1;
SGT102;Guitarra  2;Guitarra  2;2;2;1;
SGT103;Guitarra  3;Guitarra  3;2;2;1;
SGT104;Guitarra  4;Guitarra  4;2;2;1;
SGT105;Guitarra  5;Guitarra  5;2;2;1;
83;Guitarra  5;Guitarra  5 - Suárez Sousa Eduardo Pedro;2;2;1;
84;Guitarra  5;Guitarra  5 - Velásquez Zavaleta Henry Abel;2;2;1;
SGT106;Guitarra  6;Guitarra  6;2;2;1;
SGT107;Guitarra  7;Guitarra  7;2;2;1;
SGT108;Guitarra  8;Guitarra  8;2;2;1;
SGT109;Guitarra  9;Guitarra  9;2;2;1;
75;Guitarra 1;Guitarra 1 - Fernández Álvarez Denys Bernard;2;2;1;
76;Guitarra 1;Guitarra 1 - Velásquez Zavaleta Henry Abel;2;2;1;
SGT110;Guitarra 10;Guitarra 10;2;2;1;
90;Guitarra 10;Guitarra 10 - Suárez Sousa Eduardo Pedro;2;2;1;
78;Guitarra 3;Guitarra 3 - Fernández Álvarez Denys Bernard;2;2;1;
77;Guitarra 3;Guitarra 3 - Machuca Cabanillas Allin;2;2;1;
81;Guitarra 3;Guitarra 3 - Mori Chapilliquen Eleodoro;2;2;1;
79;Guitarra 3;Guitarra 3 - Romero Vizcarra Daniel Hugo;2;2;1;
80;Guitarra 3;Guitarra 3 - Velásquez Zavaleta Henry Abel;2;2;1;
82;Guitarra 4;Guitarra 4 - Machuca Cabanillas Allin;2;2;1;
86;Guitarra 5;Guitarra 5 - Herrera Chávez Rodrigo;2;2;1;
85;Guitarra 5;Guitarra 5 - Machuca Cabanillas Allin;2;2;1;
599;Guitarra 5;Guitarra 5 - Velásquez Zavaleta Henry Abel;2;2;1;
87;Guitarra 7;Guitarra 7 - Fernández Álvarez Denys Bernard;2;2;1;
88;Guitarra 7;Guitarra 7 - Romero Vizcarra Daniel Hugo;2;2;1;
89;Guitarra 8;Guitarra 8 - Mori Chapilliquen Eleodoro;2;2;1;
SGT003;Guit Comp 3;Guitarra complementaria 3;2;2;1;
FEGU 101;Guitarra- I;Guitarra I;2;2;1;
FEGU 102;Guitarra- II;Guitarra II;2;2;1;
FEGU 103;Guitarra- III;Guitarra III;2;2;1;
FEGU 104;Guitarra- IV;Guitarra IV;2;2;1;
FEGU 109;Guitarra- IX;Guitarra IX;2;2;1;
FEGP 601;G. P. - I;Guitarra Peruana I;1;2;1;
FEGP 602;G. P. - II;Guitarra Peruana II;1;2;1;
FEGU 105;Guitarra- V;Guitarra V;2;2;1;
FEGU 106;Guitarra- VI;Guitarra VI;2;2;1;
FEGU 107;Guitarra- VII;Guitarra VII;2;2;1;
FEGU 108;Guitarra- VIII;Guitarra VIII;2;2;1;
FEGU 110;Guitarra- X;Guitarra X;2;2;1;
SFM401;His Mús 1;Historia de la Música 1;1;2;1;
SFM402;His Mús 2;Historia de la Música 2;1;2;1;
SFM403;His Mús 3;Historia de la Música 3;1;2;1;
SFM404;Hist. Ms 4;Historia de la música 4;1;2;1;
FGHI 205;H. M.A. L;Historia de la Música Académica Latinoamericana;1;2;1;
FGHI 209;H.M.A.P;Historia de la Música Académica Peruana;1;2;1;
FGHI 211;H. M. C;Historia de la Música Contemporánea;1;2;1;
FGHI 201;H. M.A.O - I;Historia de la Música del Arte Occidental I;1;2;1;
FGHI 202;H. M.A.O - II;Historia de la Música del Arte Occidental II;1;2;1;
FGHI 203;H. M.A.O - III;Historia de la Música del Arte Occidental III;1;2;1;
SFM420;His Mús latinoame.;Historia de la Música Latinoamericana;1;2;1;
SFM411;His Mús Peruana 1;Historia de la Música Peruana 1;1;2;1;
SFM412;His Mús Peruana 2;Historia de la Música Peruana 2;1;2;1;
SMG171;Historia Mus. Popu.;Historia de la Música popular (Rock- Jazz);1;2;1;
FEMU 105;H. C. M. M;Historia de las Culturas y Músicas del Mundo;1;2;1;
FGHI 204;H. A ;Historia del Arte ;1;2;1;
SFH521;Hist. del Arte 1;Historia del Arte 1;1;2;1;
SFH522;Hist. del Arte 2;Historia del Arte 2;1;2;1;
FEHI 902;H. JZ;Historia del Jazz y Músicas Translocales;1;2;1;
FEHI 901;H. R. M. P;Historia del Rock y Música Popular;1;2;1;
SFH531;Informática aplicada 1;Informática aplicada 1;1;2;1;
SFH532;Informática aplicada 2;Informática aplicada 2;1;2;1;
FEIA 201;I. A. E. M;Informática aplicada a la enseñanza Musical;1;2;1;
FGIN 108;I. T. - I;Inglés Técnico I;1;2;1;
FGIN 109;I. T. - II;Inglés Técnico II;1;2;1;
FEIT 111;Instrumentación;Instrumentación ;1;2;1;
SFM601;Instrumentación;Instrumentación 1;1;2;1;
SFM602;Instrumentación 2;Instrumentación 2;1;2;1;
SFM605;I. 2° Año;Instrumentación 2°Año;1;2;1;
FMIA 501;I. A. M - I;Instrumentación y Arreglos Musicales I;1;2;1;
FMIA 502;I. A. M - II;Instrumentación y Arreglos Musicales II;1;2;1;
FEAA 901;I. A. A;Instrumento afín del arpa;1;2;1;
FEAC 801;I. A. C- I;Instrumento afín del corno I;1;2;1;
FEAC 802;I. A. C- II;Instrumento afín del corno II;1;2;1;
FEAE 801;I. A. E.- I;Instrumento afín del Eufonio I;1;2;1;
FEAE 802;I. A. E.- II;Instrumento afín del Eufonio II;1;2;1;
SFE001;Instr. Compl. 1;Instrumento complementario  1;2;2;1;
SFE002;Instr. compl. 2;Instrumento complementario  2;2;2;1;
SFE003;Instr. compl.3;Instrumento complementario  3;2;2;1;
SFE004;Instrmt. comp 4;Instrumento complementario 4;1;2;1;
SFE005;Instrmt. comp 5;Instrumento complementario 5;1;2;1;
FEIC 501;Inst. Comp- I;Instrumento Complementario I;1;2;1;
FEIC 502;Inst. Comp- II;Instrumento Complementario II;1;2;1;
FEIC 503;Inst. Comp- III;Instrumento Complementario III;1;2;1;
SMG120;Intro a la Etnomus.;Introducción a  la Etnomusicología;1;2;1;
SMG101;Introd. Músicología;Introducción a  la musicología;1;2;1;
SFM430;Int. a la Cult.;Introducción a la Cultura Musical;1;2;1;
FGHU 401;I. E. E ;Introducción a la Epistemología y Ética;1;2;1;
FGHU 403;I. E. F. E ;Introducción a la Epistemología, Filosofía y Ética;1;2;1;
SFH702;Introd. a la Filosofía;Introducción a la Filosofía;1;2;1;
SFM490;Int. Hist. Ms.;Introducción a la Historia de la Música  I-II;1;2;1;
SFH430;Introd. a las CCSS;Introducción a las Ciencias Sociales;1;2;1;
FEMU 109 ;I. L. N;Introducción a las Lenguas Nativas;1;2;1;
SFH291;Introd. Leng. Nativas 1;Introducción a las lenguas nativas 1;1;2;1;
SFH292;Introd. Leng. Nativas 2;Introducción a las lenguas nativas 2;1;2;1;
SFH311;Investigación 1;Investigación 1;1;2;1;
SFH312;Investigación 2;Investigación 2;1;2;1;
FGIN 103;Invstigción I;Investigación I;1;2;1;
FGIN 104;Invstigción II;Investigación II;1;2;1;
SFH281;Latín 1;Latín;1;2;1;
SPI011;Lect.aprim.vis1;Lectura a primera vista 1;2;2;1;
336;Lectura a P.V1;Lectura a primera vista 1 - Arturo Javier Hinostroza Ascencio;2;2;1;
SPI012;Lect prim. vt 2;Lectura a primera vista 2;2;2;1;
FEPV 201;L . P. V ;Lectura a Primera Vista I ;1;2;1;
FEPV 202;L . P. V -II;Lectura a Primera Vista II ;1;2;1;
SPI601;Lect partitu. 1;Lectura de partituras 1;2;2;1;
SPI602;Lect partitu. 2;Lectura de partituras 2;2;2;1;
91;Lect. de part 2;Lectura de partituras 2 - Hinostroza Ascencio Arturo Javier;2;2;1;
SPI603;Lect. partitu 3;Lectura de partituras 3;2;2;1;
92;Lect. de part 3;Lectura de partituras 3 - Hinostroza Ascencio Arturo Javier;2;2;1;
SPI604;Lect partitu. 4;Lectura de partituras 4;2;2;1;
FGHU 404;Legislación;Legislación;1;2;1;
SED253;Legislación Educativa;Legislación Educativa;1;2;1;
SFM101;Leng Mús 1;Lenguaje musical 1;1;2;1;
SFM102;Leng Mús 2;Lenguaje musical 2;1;2;1;
SFM103;Leng Mús 3;Lenguaje musical 3;1;2;1;
SFM;Len musi 4;Lenguaje musical 4;1;2;1;
FMLM 101;L. M - I;Lenguaje Musical I;1;2;1;
FMLM 102;L. M - II;Lenguaje Musical II;1;2;1;
FMLM 103;L. M - III;Lenguaje Musical III;1;2;1;
FEMU 108;Lenguas Nativas;Lenguas Nativas;1;2;1;
FELC 901;L. C;Literatura Coral ;1;2;1;
FELG 801;L. GUIT;Literatura de la Guitarra;1;2;1;
SGT301;Lite Guitarra;Literatura de la guitarra;1;2;1;
FELC 801;L. I. C. -I;Literatura de los instrumentos de cuerda I;1;2;1;
FELC 802;L. I. C. -II;Literatura de los instrumentos de cuerda II;1;2;1;
FELA 801;L. Arp;Literatura del arpa;1;2;1;
SAR301;Lite de Arpa 1;Literatura del arpa 1;1;2;1;
SAR302;Lite de Arpa 2;Literatura del arpa 2;1;2;1;
SED290;Litera. del Mat Edu. Musical;Literatura del Material Educativo Musical;1;2;1;
SPI301;Lite de Piano 1;Literatura del piano 1;1;2;1;
SPI302;Lite de Piano 2;Literatura del piano 2;1;2;1;
FELP 801;L. Piano -I;Literatura del Piano I;1;2;1;
FELP 802;L. Piano -II;Literatura del Piano II;1;2;1;
FELS 801 ;L. SAX;Literatura del Saxofón I;1;2;1;
FELS 802;L. SAX II;Literatura del Saxofón II;1;2;1;
SED281;Met de la Ed. Mús 1;Metodología de la Educación Músical 1;1;2;1;
SED282;Met de la Ed. Mús 2;Metodología de la Educación Músical 2;1;2;1;
SED283;Met de la Ed. Mús 3;Metodología de la Educación Músical 3;1;2;1;
SED284;Met de la Ed. Mús 4;Metodología de la Educación Músical 4;1;2;1;
SFL201;Met Ens flauta 1;Metodología de la enseñanza de la flauta 1;1;2;1;
SFL202;Met Ens flauta 2;Metodología de la enseñanza de la flauta 2;1;2;1;
SFL203;Met Ens flauta 3;Metodología de la enseñanza de la flauta 3;1;2;1;
SFL204;Met Ens flauta 4;Metodología de la enseñanza de la flauta 4;1;2;1;
SGT201;Met Ens Guit 1;Metodología de la enseñanza de la guitarra 1;1;2;1;
SGT202;Met Ens Guit 2;Metodología de la enseñanza de la guitarra 2;1;2;1;
SGT203;Met Ens Guit 3;Metodología de la enseñanza de la guitarra 3;1;2;1;
SGT204;Met Ens Guit 4;Metodología de la enseñanza de la guitarra 4;1;2;1;
SPE201;Met Ens percusión 1;Metodología de la enseñanza de la percusión 1;1;2;1;
SPE202;Met Ens percusión 2;Metodología de la enseñanza de la percusión 2;1;2;1;
SPE203;Met Ens percusión 3;Metodología de la enseñanza de la percusión 3;1;2;1;
SPE204;Met Ens percusión 4;Metodología de la enseñanza de la percusión 4;1;2;1;
STP201;Met Ens Tromp 1;Metodología de la enseñanza de la trompeta 1;1;2;1;
STP202;Met Ens Tromp 2;Metodología de la enseñanza de la trompeta 2;1;2;1;
STP203;Met Ens Tromp 3;Metodología de la enseñanza de la trompeta 3;1;2;1;
STP204;Met Ens Tromp 4;Metodología de la enseñanza de la trompeta 4;1;2;1;
STU201;Met Ens Tuba 1;Metodología de la enseñanza de la tuba 1;1;2;1;
STU202;Met Ens Tuba 2;Metodología de la enseñanza de la tuba 2;1;2;1;
STU203;Met Ens Tuba 3;Metodología de la enseñanza de la tuba 3;1;2;1;
STU204;Met Ens Tuba 4;Metodología de la enseñanza de la tuba 4;1;2;1;
SVA201;Met la Ens la Viola 1;Metodología de la enseñanza de la viola 1;1;2;1;
SVA202;Met la Ens la Viola 2;Metodología de la enseñanza de la viola 2;1;2;1;
SVA203;Met la Ens la Viola 3;Metodología de la enseñanza de la viola 3;1;2;1;
SVA204;Met la Ens la Viola 4;Metodología de la enseñanza de la viola 4;1;2;1;
SAR201;Met Ens Arpa 1;Metodología de la enseñanza del arpa 1;1;2;1;
SAR202;Met Ens Arpa 2;Metodología de la enseñanza del arpa 2;1;2;1;
SAR203;Met Ens Arpa 3;Metodología de la enseñanza del arpa 3;1;2;1;
SAR204;Met Ens Arpa 4;Metodología de la enseñanza del arpa 4;1;2;1;
SCA201;Met Ens Canto 1;Metodología de la enseñanza del canto 1;1;2;1;
SCA202;Met Ens Canto 2;Metodología de la enseñanza del canto 2;1;2;1;
SCA203;Met Ens Canto 3;Metodología de la enseñanza del canto 3;1;2;1;
SCA204;Met Ens Canto 4;Metodología de la enseñanza del canto 4;1;2;1;
FMMC 701;M. E. C- I;Metodología de la enseñanza del canto I;1;2;1;
FMMC 702;M. E. C- II;Metodología de la enseñanza del canto II;1;2;1;
SCL204;Met Ens Clarinete 4;Metodología de la enseñanza del clarinete 4;1;2;1;
SCB201;Met Ens Cont 1;Metodología de la enseñanza del contrabajo 1;1;2;1;
SCB202;Met Ens Cont 2;Metodología de la enseñanza del contrabajo 2;1;2;1;
SCB203;Met Ens Cont 3;Metodología de la enseñanza del contrabajo 3;1;2;1;
SCB204;Met Ens Cont 4;Metodología de la enseñanza del contrabajo 4;1;2;1;
SCR201;Met Ens corno 1;Metodología de la enseñanza del corno 1;1;2;1;
SCR202;Met Ens corno 2;Metodología de la enseñanza del corno 2;1;2;1;
SCR203;Met Ens corno 3;Metodología de la enseñanza del corno 3;1;2;1;
SCR204;Met Ens corno 4;Metodología de la enseñanza del corno 4;1;2;1;
SEU201;Met Ens de Eufonio 1;Metodología de la enseñanza del Eufonio 1;1;2;1;
SEU202;Met Ens de Eufonio 2;Metodología de la enseñanza del Eufonio 2;1;2;1;
SEU203;Met Ens de Eufonio 3;Metodología de la enseñanza del Eufonio 3;1;2;1;
SEU204;Met Ens de Eufonio 4;Metodología de la enseñanza del Eufonio 4;1;2;1;
SFG201;Met Ens Fag 1;Metodología de la enseñanza del fagot 1;1;2;1;
SFG202;Met Ens Fag 2;Metodología de la enseñanza del fagot 2;1;2;1;
SFG203;Met Ens Fag 3;Metodología de la enseñanza del fagot 3;1;2;1;
SFG204;Met Ens Fag 4;Metodología de la enseñanza del fagot 4;1;2;1;
SOB201;Met Ens deoboe 1;Metodología de la enseñanza del oboe 1;1;2;1;
SOB202;Met Ens deoboe 2;Metodología de la enseñanza del oboe 2;1;2;1;
SOB203;Met Ens deoboe 3;Metodología de la enseñanza del oboe 3;1;2;1;
SOB204;Met Ens deoboe 4;Metodología de la enseñanza del oboe 4;1;2;1;
SPI201;Met Ens de Piano 1;Metodología de la enseñanza del piano 1;1;2;1;
SPI202;Met Ens de Piano 2;Metodología de la enseñanza del piano 2;1;2;1;
SPI203;Met Ens de Piano 3;Metodología de la enseñanza del piano 3;1;2;1;
SPI204;Met Ens de Piano 4;Metodología de la enseñanza del piano 4;1;2;1;
SSX201;Met Ens de Saxo 1;Metodología de la enseñanza del saxofón 1;1;2;1;
SSX202;Met Ens de Saxo 2;Metodología de la enseñanza del saxofón 2;1;2;1;
SSX203;Met Ens de Saxo 3;Metodología de la enseñanza del saxofón 3;1;2;1;
SSX204;Met Ens de Saxo 4;Metodología de la enseñanza del saxofón 4;1;2;1;
STB201;Met Ens deTromb 1;Metodología de la enseñanza del trombón 1;1;2;1;
STB202;Met Ens deTromb 2;Metodología de la enseñanza del trombón 2;1;2;1;
STB203;Met Ens deTromb 3;Metodología de la enseñanza del trombón 3;1;2;1;
STB204;Met Ens deTromb 4;Metodología de la enseñanza del trombón 4;1;2;1;
SVN201;Met Ens de Violín 1;Metodología de la enseñanza del violín 1;1;2;1;
SVN202;Met Ens de Violín 2;Metodología de la enseñanza del violín 2;1;2;1;
SVN203;Met Ens de Violín 3;Metodología de la enseñanza del violín 3;1;2;1;
SVN204;Met Ens de Violín 4;Metodología de la enseñanza del violín 4;1;2;1;
SVC201;Met la Ens deCello 1;Metodología de la enseñanza del violoncello 1;1;2;1;
SVC202;Met Ens deCello 2;Metodología de la enseñanza del violoncello 2;1;2;1;
SVC203;Met la Ens deCello 3;Metodología de la enseñanza del violoncello 3;1;2;1;
SVC204;Met Ens deCello 4;Metodología de la enseñanza del violoncello 4;1;2;1;
FMME 701;M. E. I;Metodología de la Enseñanza Instrumental;1;2;1;
FEDC 111;M. P. C;Metodología de la Práctica Coral;1;2;1;
SPC101;M.de cámara 1;Música de cámara  1;1;2;1;
SPC102;Mús de cámara  2;Música de cámara  2;1;2;1;
SPC103;Mús de cámara  3;Música de cámara  3;1;2;1;
SPC104;Mús de cámara  4;Música de cámara  4;1;2;1;
SPC105;Mús de cámara  5;Música de cámara  5;1;2;1;
SPC106;Mús de cámara  6;Música de cámara  6;1;2;1;
SPC110;M. de cámara 10;Música de cámara 10;1;2;1;
SPC107;Mús de cámara 7;Música de cámara 7;1;2;1;
SPC108;Mús de cámara 8;Música de cámara 8;1;2;1;
SPC109;Mús de cámara 9;Música de cámara 9;1;2;1;
FEMC 501;M. Camr.- I;Música de Cámara I;1;2;1;
FEMC 502;M. Camr.- II;Música de Cámara II;1;2;1;
FEMC 503;M. Camr.- III;Música de Cámara III;1;2;1;
FEMC 504;M. Camr.- IV;Música de Cámara IV;1;2;1;
FEMC 505;M. Camr.- V;Música de Cámara V;1;2;1;
FEMC 506;M. Camr.- VI;Música de Cámara VI;1;2;1;
FGMT 101;M. T ;Música Tecnologizada ;1;2;1;
FGHI 210;M. T. P;Música Tradicional Peruana;1;2;1;
SFM410;M TPerua;Música Tradicional Peruana - elec;1;2;1;
FGHI 206;M.T. P. L;Música Tradicional y Popular Latinoamericana;1;2;1;
SMG151;Mus. Trad. Y pop Latin. 1;Música tradicional y popular latinoamericana 1;1;2;1;
SMG152;Mus. Trad. Y pop Latin. 2;Música tradicional y popular latinoamericana 2;1;2;1;
FEMU 101;M. Et. - I;Musicología y etnomusicología I;1;2;1;
FEMU 102;M. Et. - II;Musicología y etnomusicología II;1;2;1;
NSFM001;Nivel. Leng Mus;Nivelación - Lenguaje Musical;1;2;1;
ELEC 104;N. M. T;Notación musical tecnológica;1;2;1;
SOB101;Oboe  1;Oboe  1;2;2;1;
SOB131;Oboe  1 (Ped);Oboe  1 (Pedagogia);2;2;1;
SOB102;Oboe  2;Oboe  2;2;2;1;
SOB132;Oboe  2 (Ped);Oboe  2 (Pedagogia);2;2;1;
SOB103;Oboe  3;Oboe  3;2;2;1;
SOB133;Oboe  3 (Ped);Oboe  3 (Pedagogia);2;2;1;
SOB104;Oboe  4;Oboe  4;2;2;1;
SOB105;Oboe  5;Oboe  5;2;2;1;
SOB135;Oboe  5 (Ped);Oboe  5 (Pedagogia);2;2;1;
SOB106;Oboe  6;Oboe  6;2;2;1;
SOB136;Oboe  6 (Ped);Oboe  6 (Pedagogia);2;2;1;
SOB107;Oboe  7;Oboe  7;2;2;1;
SOB137;Oboe  7 (Ped);Oboe  7 (Pedagogia);2;2;1;
SOB108;Oboe  8;Oboe  8;2;2;1;
SOB138;Oboe  8 (Ped);Oboe  8 (Pedagogia);2;2;1;
SOB109;Oboe  9;Oboe  9;2;2;1;
SOB139;Oboe  9 (Ped);Oboe  9 (Pedagogia);2;2;1;
SOB110;Oboe 10;Oboe 10;2;2;1;
93;Oboe 5;Oboe 5 - Otárola Yllescas Carlos Alberto;2;2;1;
SOB001;Oboe Comp 1;Oboe complementario 1;2;2;1;
SOB002;Oboe Comp 2;Oboe complementario 2;2;2;1;
SOB003;Oboe Comp 3;Oboe complementario 3;2;2;1;
FEOB 201;Oboe I;Oboe I;2;2;1;
FEOB 202;Oboe II;Oboe II;2;2;1;
FEOB 203;Oboe III;Oboe III;2;2;1;
FEOB 204;Oboe IV;Oboe IV;2;2;1;
FEOB 209;Oboe IX;Oboe IX;2;2;1;
FEOB 205;Oboe V;Oboe V;2;2;1;
FEOB 206;Oboe VI;Oboe VI;2;2;1;
FEOB 207;Oboe VII;Oboe VII;2;2;1;
FEOB 208;Oboe VIII;Oboe VIII;2;2;1;
FEOB 210;Oboe X;Oboe X;2;2;1;
SPP001;Orquesta  1;Orquesta  1;1;2;1;
SPP002;Orquesta  2;Orquesta  2;1;2;1;
SPP003;Orquesta  3;Orquesta  3;1;2;1;
SPP004;Orquesta  4;Orquesta  4;1;2;1;
SPP005;Orquesta  5;Orquesta  5;1;2;1;
SPP006;Orquesta  6;Orquesta  6;1;2;1;
SPP007;Orquesta  7;Orquesta  7;1;2;1;
SPP008;Orquesta  8;Orquesta  8;1;2;1;
SPP009;Orquesta  9;Orquesta  9;1;2;1;
SPP010;Orquesta 10;Orquesta 10;1;2;1;
FEOR 405;Orq. Brrc - I;Orquesta Barroca I;1;2;1;
FEOR 406;Orq. Brrc - II;Orquesta Barroca II;1;2;1;
FEOR 407;Orq. Brrc - III;Orquesta Barroca III;1;2;1;
FEOR 408;Orq. Brrc - IV;Orquesta Barroca IV;1;2;1;
FEOR 401;Orq. Cmr- I;Orquesta de Cámara I;1;2;1;
FEOR 402;Orq. Cmr- II;Orquesta de Cámara II;1;2;1;
FEOR 403;Orq. Cmr- III;Orquesta de Cámara III;1;2;1;
FEOR 404;Orq. Cmr- IV;Orquesta de Cámara IV;1;2;1;
FEOR 409;Orq. Sinf- I;Orquesta Sinfónica I;1;2;1;
FEOR 410;Orq. Sinf- II;Orquesta Sinfónica II;1;2;1;
FEOR 411;Orq. Sinf- III;Orquesta Sinfónica III;1;2;1;
FEOR 412;Orq. Sinf- IV;Orquesta Sinfónica IV;1;2;1;
SFM611;Orquestación 1;Orquestación 1;1;2;1;
SFM612;Orquestación 2;Orquestación 2;1;2;1;
SFM613;Orquestación 3;Orquestación 3;1;2;1;
SFM614;Orquestación 4;Orquestación 4;1;2;1;
FEQU 401;Orqccion I;Orquestación I;1;2;1;
FEQU 402;Orqccion II;Orquestación II;1;2;1;
FEQU 403;Orqccion III;Orquestación III;1;2;1;
FEQU 404;Orqccion IV;Orquestación IV;1;2;1;
SMG221;Paleografía;Paleografía -;1;2;1;
FEPG 801;P. M ;Paleografía de la Música;1;2;1;
FGPE 301;P. M;Pedagogía de la Música;1;2;1;
SFH601;Pedagogía General;Pedagogía General;1;2;1;
FEMD 501;P. M. D. M- I;Pedagogía, Metodología y Didáctica de la Música I;1;2;1;
FEMD 502;P. M. D. M- II;Pedagogía, Metodología y Didáctica de la Música II;1;2;1;
FEMD 503;P. M. D. M- III;Pedagogía, Metodología y Didáctica de la Música III;1;2;1;
FEMD 504;P. M. D. M- IV;Pedagogía, Metodología y Didáctica de la Música IV;1;2;1;
SPE101;Percusión  1;Percusión  1;2;2;1;
SPE131;Percusión1(Ped);Percusión  1 (Pedagogia);2;2;1;
SPE102;Percusión  2;Percusión  2;2;2;1;
SPE103;Percusión  3;Percusión  3;2;2;1;
SPE104;Percusión  4;Percusión  4;2;2;1;
SPE105;Percusión  5;Percusión  5;2;2;1;
SPE106;Percusión  6;Percusión  6;2;2;1;
SPE107;Percusión  7;Percusión  7;2;2;1;
SPE108;Percusión  8;Percusión  8;2;2;1;
SPE109;Percusión  9;Percusión  9;2;2;1;
96;Percusión 1;Percusión 1 - Acosta Flores Alonso Alejandro;2;2;1;
94;Percusión 1;Percusión 1 - Cruz Mestanza Miguel Ángel;2;2;1;
95;Percusión 1;Percusión 1 - Siura Terry Moisés;2;2;1;
SPE110;Percusión 10;Percusión 10;2;2;1;
99;Percusión 3;Percusión 3 - Acosta Flores Alonso Alejandro;2;2;1;
98;Percusión 3;Percusión 3 - Cruz Mestanza Miguel Ángel;2;2;1;
97;Percusión 3;Percusión 3 - Siura Terry Moisés;2;2;1;
300;Percusión 4;Percusión 4 - Cruz Mestanza Miguel Ángel;2;2;1;
301;Percusión 5;Percusión 5 - Acosta Flores Alonso Alejandro;2;2;1;
302;Percusión 7;Percusión 7 - Acosta Flores Alonso Alejandro;2;2;1;
303;Percusión 7;Percusión 7 - Siura Terry Moisés;2;2;1;
304;Percusión  9;Percusión 9 - Cruz Mestanza Miguel Ángel;2;2;1;
SPE001;Percu Complem;Percusión complementaria 1;2;2;1;
FEPE 201 ;Percusión I;Percusión I;2;2;1;
FEPE 202;Percusión II;Percusión II;2;2;1;
FEPE 203;Percusión III;Percusión III;2;2;1;
FEPE 204;Percusión IV;Percusión IV;2;2;1;
FEPE 209;Percusión IX;Percusión IX;2;2;1;
FEPE 205;Percusión V;Percusión V;2;2;1;
FEPE 206;Percusión VI;Percusión VI;1;2;1;
FEPE 207;Percusión VII;Percusión VII;2;2;1;
FEPE 208;Percusión VIII;Percusión VIII;2;2;1;
FEPE 210;Percusión X;Percusión X;2;2;1;
SPI101;Piano  1;Piano  1;2;2;1;
SPI102;Piano  2;Piano  2;2;2;1;
SPI103;Piano  3;Piano  3;2;2;1;
SPI104;Piano  4;Piano  4;2;2;1;
SPI105;Piano  5;Piano  5;2;2;1;
318;Piano  5;Piano  5 - Bravo Guerra Carlota Celia;2;2;1;
SPI106;Piano  6;Piano  6;2;2;1;
SPI107;Piano  7;Piano  7;2;2;1;
SPI108;Piano  8;Piano  8;2;2;1;
SPI109;Piano  9;Piano  9;2;2;1;
307;Piano 1;Piano 1 - Alvarado Carvajal Gustavo Alexis;2;2;1;
306;Piano 1;Piano 1 - Belotserkovskaia Larissa;2;2;1;
305;Piano 1;Piano 1 - Hung Wong Lydia Fátima;2;2;1;
SPI110;Piano 10;Piano 10;2;2;1;
323;Piano 10;Piano 10 - Kovtunova Eugenia;2;2;1;
308;Piano 2;Piano 2 -  Escobedo Revoredo Carmen;2;2;1;
309;Piano 3;Piano 3 - Bravo Guerra Carlota Celia;2;2;1;
310;Piano 3;Piano 3 - Escobedo Revoredo Carmen;2;2;1;
313;Piano 3;Piano 3 - Puertas Castro Jack Diego;2;2;1;
312;Piano 3;Piano 3 - Sabat Mindreau Pablo Andrés;2;2;1;
311;Piano 3;Piano 3 -Piachonkina Yana;2;2;1;
315;Piano 4;Piano 4 - Bravo Guerra Carlota Celia;2;2;1;
316;Piano 4;Piano 4 - Hung Wong Lydia Fátima;2;2;1;
314;Piano 4;Piano 4 - Kovtunova Eugenia;2;2;1;
360;Piano 5;Piano 5 - Bravo Guerra Carlota Celia;2;2;1;
317;Piano 5;Piano 5 - Hung Wong Lydia Fátima;2;2;1;
319;Piano 7;Piano 7 - Escobedo Revoredo Carmen;2;2;1;
320;Piano 8;Piano 8 - Alvarado Carvajal Gustavo Alexis;2;2;1;
321;Piano 8;Piano 8 - Escobedo Revoredo Carmen;2;2;1;
322;Piano 8;Piano 8 - Palacios Luna Katia Gisella;2;2;1;
FEPC 801;P Colbor - I;Piano Colaborativo I;1;2;1;
FEPC 802;P Colabrt -II;Piano Colaborativo II;1;2;1;
FEPC 803;P. Colab- III;Piano Colaborativo III;1;2;1;
FEPC 804;P. Colab- IV;Piano Colaborativo IV;1;2;1;
SPI001;Piano Comp 1;Piano complementario 1;1;2;1;
SPI002;Piano Comp 2;Piano complementario 2;1;2;1;
SPI003;Piano Comp 3;Piano complementario 3;1;2;1;
SPI004;Piano Comp 4;Piano complementario 4;1;2;1;
SPI005;Pia. Comp 5;Piano complementario 5;1;2;1;
SPI006;Piano com. 6;Piano complementario 6;1;2;1;
FMPC 601;P. Compl - I;Piano Complementario I;1;2;1;
FMPC 602;P. Compl - II;Piano Complementario II;1;2;1;
FEPI 101;Piano I;Piano I;2;2;1;
FEPI 102;Piano II;Piano II;2;2;1;
FEPI 103;Piano III;Piano III;2;2;1;
FEPI 104;Piano IV;Piano IV;2;2;1;
FEPI 109;Piano IX;Piano IX;2;2;1;
SPI021;Piano Princ 1;Piano principal 1;2;2;1;
327;Piano princ. 1;Piano principal 1 -  Belotserkovskaia Larissa;2;2;1;
325;Piano princ. 1;Piano principal 1 -  Castellares Mori Silvia Del Pilar;2;2;1;
332;Piano princ. 1;Piano principal 1 -  De Lucchi Fernald Fernando Bruno;2;2;1;
326;Piano princ. 1;Piano principal 1 -  Palacios Luna Katia Gisella;2;2;1;
331;Piano princ. 1;Piano principal 1 - Alvarado Carvajal Gustavo Alexis;2;2;1;
324;Piano princ. 1;Piano principal 1 - Costa Ornano Patricia Teresa;2;2;1;
328;Piano princ. 1;Piano principal 1 - Ferreira Mascaro Marina;2;2;1;
329;Piano princi. 1;Piano principal 1 - Patricio Ávila Daniel Agustín;2;2;1;
330;Piano princ. 1;Piano principal 1 - Piachonkina Yana;2;2;1;
SPI022;Piano Princ 2;Piano principal 2;2;2;1;
349;Piano princ. 2;Piano principal 2 -  Meza Marotta, Christian José;2;2;1;
338;Piano princ. 2;Piano principal 2 - Arancibia Noriega Carlos Eduardo;2;2;1;
179;Piano princip.2;Piano principal 2-Meza Marotta, Christian José;2;2;1;
176;Piano princip.2;Piano principal 2-Palacios Luna Katia Gisella;2;2;1;
177;Piano princip.2;Piano principal 2-Piachonkina Yana;2;2;1;
178;Piano princip.2;Piano principal 2-Vela Benavente Simón Hernán;2;2;1;
SPI023;Piano Princ 3;Piano principal 3;2;2;1;
341;Piano princ. 3;Piano principal 3 -  Hung Wong Lydia Fátima;2;2;1;
342;Piano princ. 3;Piano principal 3 -  Kovtunova Eugenia;2;2;1;
340;Piano princ. 3;Piano principal 3 -  Meza Marotta, Christian José;2;2;1;
339;Piano princ. 3;Piano principal 3 -  Palacios Luna Katia Gisella;2;2;1;
343;Piano princ. 3;Piano principal 3 -  Piachonkina Yana;2;2;1;
344;Piano princ. 3;Piano principal 3 - De Lucchi Fernald Fernando Bruno;2;2;1;
337;Piano princi. 3;Piano principal 3 - Ferreira Mascaro Marina;2;2;1;
166;Piano princ.3;Piano principal 3-Alvarado Carvajal Gustavo Alexis;2;2;1;
168;Piano princ.3;Piano principal 3-Castellares Mori Silvia Del Pilar;2;2;1;
171;Piano princ.3;Piano principal 3-De Lucchi Fernald Fernando Bruno;2;2;1;
175;Piano princ.3;Piano principal 3-Ferreira Mascaro Marina;2;2;1;
170;Piano princ.3;Piano principal 3-Hung Wong Lydia Fátima;2;2;1;
174;Piano princ.3;Piano principal 3-Kovtunova Eugenia;2;2;1;
173;Piano princ.3;Piano principal 3-Meza Marotta, Christian José;2;2;1;
167;Piano princ.3;Piano principal 3-Palacios Luna Katia Gisella;2;2;1;
172;Piano princ.3;Piano principal 3-Piachonkina Yana;2;2;1;
169;Piano princ.3;Piano principal 3-Vela Benavente Simón Hernán;2;2;1;
SPI024;Piano Princ 4;Piano principal 4;2;2;1;
345;Piano princ. 4;Piano principal 4 -  Alvarado Carvajal Gustavo Alexis;2;2;1;
346;Piano princ. 4;Piano principal 4 -  Castellares Mori Silvia Del Pilar;2;2;1;
163;Piano princ.4;Piano principal 4-Alvarado Carvajal Gustavo Alexis;2;2;1;
165;Piano princip.4;Piano principal 4-Castellares Mori Silvia Del Pilar;2;2;1;
SPI025;P.P 5;Piano principal 5;1;2;1;
SPI026 ;PP 6;Piano principal 6;1;2;1;
SPI027;PP 7;Piano principal 7;1;2;1;
SPI028;PP8;Piano Principal 8;1;2;1;
FMPP 801;P. Princ - I;Piano Principal I;1;2;1;
FMPP 802;P. Princ - II;Piano Principal II;1;2;1;
FEPI 105;Piano V;Piano V;2;2;1;
FEPI 106;Piano VI;Piano VI;2;2;1;
FEPI 107;Piano VII;Piano VII;2;2;1;
FEPI 108;Piano VIII;Piano VIII;2;2;1;
FEPI 110;Piano X;Piano X;2;2;1;
FEPR 701;Pr de Esp - I;Práctica de Especialidad I;1;2;1;
FEPR 702;Pr de Esp - II;Práctica de Especialidad II;1;2;1;
SPP101;Prác.Doc.Sup. 1;Práctica Docente Supervisada  1;1;2;1;
SPP102;PrácDoc.Sup. 2;Práctica Docente Supervisada  2;1;2;1;
SPP103;Prác.Doc.Sup. 3;Práctica Docente Supervisada  3;1;2;1;
SPP104;Prác.Doc.Sup. 4;Práctica Docente Supervisada  4;1;2;1;
FESU 111;P. D. S - I;Práctica Docente Supervisada I;1;2;1;
FESU 112;P. D. S - II;Práctica Docente Supervisada II;1;2;1;
SPG000;Práctica Grupal;Práctica Grupal;1;2;1;
SPGxxx;Prác Grup;Práctica grupal;1;2;1;
SPG202;P.G 2;Práctica Grupal 2;1;2;1;
SPG2014;Práctica Grupal;Práctica Grupal 4;1;2;1;
FEPP 701;P. P. P - I;Práctica pre profesional I;1;2;1;
FEPP 702;P. P. P - II;Práctica pre profesional II;1;2;1;
SPP120;Práctica Profesional;Práctica Profesional;1;2;1;
SCO901;Prác Prof 1Comp;Práctica profesional 1 de composición;1;2;1;
SCO902;Prác Prof 2Comp;Práctica profesional 2 de composición;1;2;1;
SCO903;Prác Prof 3Comp;Práctica profesional 3 de composición;1;2;1;
ELEC 111;P. Musi;Producción musical (grabación );1;2;1;
SED111;Psicología Aprendizaje;Psicología del aprendizaje;1;2;1;
FEPS 103;Pscgia. Apr- I;Psicología del Aprendizaje I;1;2;1;
FEPS 104;Pscgia. Apr- II;Psicología del Aprendizaje II;1;2;1;
SED101;Psicología Desarrollo;Psicología del desarrollo;1;2;1;
FEPS 101;Pscgia. Dsrr- I;Psicología del Desarrollo I;1;2;1;
FEPS 102;Pscgia.Dsrr- II;Psicología del Desarrollo II;1;2;1;
SFH301;Psicología general;Psicología general;1;2;1;
SFH305;Ps GnrL 1;Psicología General I;1;2;1;
SFH306;Ps Gn II;Psicología General II;1;2;1;
ELEC 102;Quechua ;Quechua ;1;2;1;
SPP081;Recital 1;Recital 1;2;2;1;
SPP082;Recital 2;Recital 2;2;2;1;
FEPP 301;R. P. P -I;Reducción de Partituras al Piano ;2;2;1;
SPI611;RedParts.Piano1;Reducción de Partituras al Piano 1;2;2;1;
161;Reduc.part. 1;Reducción de Partituras al Piano 1-De Lucchi Fernald Fernando Bruno;2;2;1;
SPI612;RedParts.Piano2;Reducción de Partituras al Piano 2;2;2;1;
162;Reduc.part.2;Reducción de Partituras al Piano 2-De Lucchi Fernald Fernando Bruno;2;2;1;
SFM621;Rep. Orquestal 1;Repertorio Orquestal 1;1;2;1;
SFM622;Rep. Orquestal 2;Repertorio Orquestal 2;1;2;1;
SFM623;Rep. Orquestal 3;Repertorio Orquestal 3;1;2;1;
SFM624;Rep. Orquestal 4;Repertorio Orquestal 4;1;2;1;
FERO 601;R. Orqtal - I;Repertorio Orquestal I;1;2;1;
FERO 602;R. Orqtal - II;Repertorio Orquestal II;1;2;1;
SSX101;Saxofón  1;Saxofón  1;2;2;1;
SSX102;Saxofón  2;Saxofón  2;2;2;1;
SSX103;Saxofón  3;Saxofón  3;2;2;1;
SSX104;Saxofón  4;Saxofón  4;2;2;1;
SSX105;Saxofón  5;Saxofón  5;2;2;1;
SSX106;Saxofón  6;Saxofón  6;2;2;1;
SSX107;Saxofón  7;Saxofón  7;2;2;1;
SSX108;Saxofón  8;Saxofón  8;2;2;1;
SSX109;Saxofón  9;Saxofón  9;2;2;1;
SSX110;Saxofón 10;Saxofón 10;2;2;1;
158;Saxofón 1;Saxofón 1-Herbozo López Ademir;2;2;1;
159;Saxofón 1;Saxofón 1-Huayre Cochachin Juan Climaco;2;2;1;
160;Saxofón 1;Saxofón 1-Ladera López Pablo;2;2;1;
157;Saxofón 2;Saxofón 2-Huayre Cochachin Juan Climaco;2;2;1;
156;Saxofón 2;Saxofón 2-Ladera López Pablo;2;2;1;
153;Saxofón 3;Saxofón 3-Herbozo López Ademir;2;2;1;
155;Saxofón 3;Saxofón 3-Huayre Cochachin Juan Climaco;2;2;1;
154;Saxofón 3;Saxofón 3-Ladera López Pablo;2;2;1;
151;Saxofón 5;Saxofón 5-Herbozo López Ademir;2;2;1;
152;Saxofón 5;Saxofón 5-Ladera López Pablo;2;2;1;
150;Saxofón 7;Saxofón 7-Herbozo López Ademir;2;2;1;
149;Saxofón 9;Saxofón 9-Herbozo López Ademir;2;2;1;
SSX001;Saxo Comp 1;Saxofón complementario 1;2;2;1;
SSX002;Saxo Comp 2;Saxofón complementario 2;2;2;1;
SSX003;Saxo Comp 3;Saxofón complementario 3;2;2;1;
FESX 201;Saxofón I;Saxofón I;2;2;1;
FESX 202;Saxofón II;Saxofón II;2;2;1;
FESX 203;Saxofón III;Saxofón III;2;2;1;
FESX 204;Saxofón IV;Saxofón IV;2;2;1;
FESX 209;Saxofón IX;Saxofón IX;2;2;1;
FESX 205;Saxofón V;Saxofón V;2;2;1;
FESX 206;Saxofón VI;Saxofón VI;2;2;1;
FESX 207;Saxofón VII;Saxofón VII;2;2;1;
FESX 208;Saxofón VIII;Saxofón VIII;2;2;1;
FESX 210;Saxofón X;Saxofón X;2;2;1;
FGIN 106;S. Invstg;Seminario de investigación ;1;2;1;
SFH321;Sem.de investig. musical 1;Seminario de investigación musical 1;1;2;1;
SFH322;Sem.de investig. musical 2;Seminario de investigación musical 2;1;2;1;
SMG250;Seminario de la Música Popular;Seminario de la Música Popular;1;2;1;
FESM 801;S. M. P. P;Seminario de Música Popular Peruana;1;2;1;
SED231;Seminarios Tesis 1;Seminario de Tesis 1;1;2;1;
SED232;Seminarios Tesis 2;Seminario de Tesis 2;1;2;1;
FGIN 110;S. Tesis I;Seminario de Tesis I;1;2;1;
FGIN 111;S. Tesis II;Seminario de Tesis II;1;2;1;
FEMU 112;S. M ;Seminario Musicológico;1;2;1;
SMG251;Sociología de la Música;Sociología de la Música;1;2;1;
SFH401;Sociología gene;Sociología general;1;2;1;
FGHI 208;S. A. M ;Sociología y Antropología de la Música;1;2;1;
FGIN 107;S.C;Sonoridades Contemporáneas ;1;2;1;
ELEC 103;T. A. P. M .R;Taller de artes plásticas con material reciclable;1;2;1;
FECE 701;T. C.E - I;Taller de Composición Electroacústica I;1;2;1;
FECE 702;T. C.E - II;Taller de Composición Electroacústica II;1;2;1;
FETA 701;T. D. C - I;Taller de Dirección Coral  I;1;2;1;
FETA 702;T. D. C - II;Taller de Dirección Coral  II;1;2;1;
FETA 703;T. D. E. I- I;Taller de Dirección de Ensamble Instrumental I;1;2;1;
FETA 704;T. D. E. I- II;Taller de Dirección de Ensamble Instrumental II;1;2;1;
ELEC 107;T. D.Int;Taller de dirección instrumental;1;2;1;
ELEC 101;T. E. Corp;Taller de Expresión Corporal;1;2;1;
FEIC 601;T. Ins. Com - I;Taller de Instrumento Complementario I;1;2;1;
FEIC 602;T. Ins.Com - II;Taller de Instrumento Complementario II;1;2;1;
FEIC 603;T. Ins.Com- III;Taller de Instrumento Complementario III;1;2;1;
FETI 701;T. Ins.Trd - I;Taller de Instrumentos Tradicionales I;1;2;1;
FETI 702;T. Ins.Trd - II;Taller de Instrumentos Tradicionales II;1;2;1;
FETI 703;T. Ins.Trd -III;Taller de Instrumentos Tradicionales III;1;2;1;
FETI 704;T. Ins.Trd -IV;Taller de Instrumentos Tradicionales IV;1;2;1;
SPP061;Taller Inst. Trad. Peruanos 1;Taller de Instrumentos Tradicionales Peruanos 1;1;2;1;
SPP062;Taller Inst. Trad. Peruanos 2;Taller de Instrumentos Tradicionales Peruanos 2;1;2;1;
SPP063;Taller Inst. Trad. Peruanos 3;Taller de Instrumentos Tradicionales Peruanos 3;1;2;1;
SPP064;Taller Inst. Trad. Peruanos 4;Taller de Instrumentos Tradicionales Peruanos 4;1;2;1;
ELEC 112;T. I. E. P. E;Taller de inteligencia emocional para el empoderamiento;1;2;1;
SCO711;Taller de mús electro 1;Taller de música electroacústica 1;1;2;1;
SCO712;Taller de mús electro 2;Taller de música electroacústica 2;1;2;1;
SCA521;Taller de ópera 1;Taller de ópera 1;1;2;1;
SCA522;Taller de ópera 2;Taller de ópera 2;1;2;1;
SCA523;Taller de ópera 3;Taller de ópera 3;1;2;1;
SCA524;Taller de ópera 4;Taller de ópera 4;1;2;1;
SCA525;Taller de ópera 5;Taller de ópera 5;1;2;1;
SCA526;Taller de ópera 6;Taller de ópera 6;1;2;1;
FETO 601;T. O. -I;Taller de Ópera I;1;2;1;
FETO 602;T. O. -II;Taller de Ópera II;1;2;1;
FETO 603;T. O. -III;Taller de Ópera III;1;2;1;
FETO 604;T. O. -IV;Taller de Ópera IV;1;2;1;
FETO 605;T. O. -V;Taller de Ópera V;1;2;1;
FETO 606;T. O. -VI;Taller de Ópera VI;1;2;1;
FETC 801 ;T- P. C ;Taller de Preparación de Cañas  ;1;2;1;
SGT501;Tall Transcripción Guit 1;Taller de transcripción a la guitarra 1;1;2;1;
SGT502;Tall Transcripción Guit 2;Taller de transcripción a la guitarra 2;1;2;1;
ELEC 106;Teatro musical;Teatro musical;1;2;1;
SCA001;Téc Voc 1;Técnica vocal  1;2;2;1;
SCA002;Téc Voc 2;Técnica vocal  2;2;2;1;
SCA003;Téc Voc 3;Técnica vocal  3;2;2;1;
SCA004;Téc Voc 4;Técnica vocal  4;2;2;1;
147;Técnica vocal 2;Técnica vocal 2-Saldaña Márquez Policarpo;2;2;1;
148;Técnica vocal 2;Técnica vocal 2-Zegarra Coronado Enrique Francisco;2;2;1;
396;Técnica vocal 4;Técnica vocal 4 - ZEGARRA CORONADO, Enrique;2;2;1;
SCA005;tv 5;Técnica vocal 5;2;2;1;
ELEC 108;T.P.E.M.E;Técnicas para la enseñanza musical en pre escolar ;1;2;1;
ELEC 113;T.P.E.M.I.J;Técnicas para la enseñanza musical infantil y juvenil;1;2;1;
FGIN 102;T.M.E;Técnicas y Métodos de Estudio;1;2;1;
SED171;Tecnología Educativa;Tecnología Educativa;1;2;1;
SED270;Teoría y Diseño Curricular;Teoría y Diseño Curricular;1;2;1;
SFH610;Tesis;Tesis;1;2;1;
SMG601;Trabajo de Campo 1;Trabajo de Campo 1;1;2;1;
SMG602;Trabajo de Campo 2;Trabajo de Campo 2;1;2;1;
SMG211;Transcripción;Transcripción;1;2;1;
FETR 701;T. Gitrr;Transcripción a la Guitarra;1;2;1;
FEMU 110;Transcripción I;Transcripción I;1;2;1;
FEMU 111;Trnscripción II;Transcripción II;1;2;1;
STB101;Trombón  1;Trombón  1;2;2;1;
STB102;Trombón  2;Trombón  2;2;2;1;
STB103;Trombón  3;Trombón  3;2;2;1;
STB105;Trombón  5;Trombón  5;2;2;1;
STB106;Trombón  6;Trombón  6;2;2;1;
STB107;Trombón  7;Trombón  7;2;2;1;
STB108;Trombón  8;Trombón  8;2;2;1;
STB138;Trombón 8 (Ped);Trombón  8 (Pedagogia);2;2;1;
STB109;Trombón  9;Trombón  9;2;2;1;
STB110;Trombón 10;Trombón 10;2;2;1;
140;Trombón 10;Trombón 10-Quiroz Ramírez Carlos Alberto;2;2;1;
139;Trombón 1;Trombón 1-Chunga Carhuatocto Jaime Fernando;2;2;1;
142;Trombón 3;Trombón 3-Chunga Carhuatocto Jaime Fernando;2;2;1;
141;Trombón 3;Trombón 3-Quiroz Ramírez Carlos Alberto;2;2;1;
STB104;Trombón  4;Trombón 4;2;2;1;
144;Trombón 5;Trombón 5-Fiestas Calderón Juan Carlos;2;2;1;
143;Trombón 5;Trombón 5-Quiroz Ramírez Carlos Alberto;2;2;1;
145;Trombón 7;Trombón 7-Fiestas Calderón Juan Carlos;2;2;1;
146;Trombón 9;Trombón 9-Fiestas Calderón Juan Carlos;2;2;1;
STB001;Tromb Comp 1;Trombón complementario 1;2;2;1;
STB002;Tromb Comp 2;Trombón complementario 2;2;2;1;
STB003;Tromb Comp 3;Trombón complementario 3;2;2;1;
FETB 201;Trombón I;Trombón I;2;2;1;
FETB 202;Trombón II;Trombón II;2;2;1;
FETB 203;Trombón III;Trombón III;2;2;1;
FETB 204;Trombón IV;Trombón IV;2;2;1;
FETB 209;Trombón IX;Trombón IX;2;2;1;
FETB 205;Trombón V;Trombón V;2;2;1;
FETB 206;Trombón VI;Trombón VI;2;2;1;
FETB 207;Trombón VII;Trombón VII;2;2;1;
FETB 208;Trombón VIII;Trombón VIII;2;2;1;
FETB 210;Trombón X;Trombón X;2;2;1;
STP101;Trompeta  1;Trompeta  1;2;2;1;
STP131;Trompeta1 (Ped);Trompeta  1 (Pedagogia);2;2;1;
130;Trompeta  10;Trompeta  10-Carranza Cárdenas Franco;2;2;1;
STP102;Trompeta  2;Trompeta  2;2;2;1;
STP103;Trompeta  3;Trompeta  3;2;2;1;
STP104;Trompeta  4;Trompeta  4;2;2;1;
STP105;Trompeta  5;Trompeta  5;2;2;1;
STP106;Trompeta  6;Trompeta  6;2;2;1;
STP107;Trompeta  7;Trompeta  7;2;2;1;
128;Trompeta  7;Trompeta  7-Pacheco Mendoza Javier Rodolfo;2;2;1;
127;Trompeta  7;Trompeta  7-Soriano Castañeda José Luis;2;2;1;
STP108;Trompeta  8;Trompeta  8;2;2;1;
STP109;Trompeta  9;Trompeta  9;2;2;1;
129;Trompeta  9;Trompeta  9-Carranza Cárdenas Franco;2;2;1;
02;TromEnrGarcía;Trompeta 1 - Enrique García;2;2;1;
01;TromJuanLlanos;Trompeta 1 - Juan José Llanos;2;2;1;
STP110;Trompeta 10;Trompeta 10;2;2;1;
134;Trompeta 3;Trompeta 3-García Huerto Enrique;2;2;1;
132;Trompeta 3;Trompeta 3-Llanos Martínez Juan José;2;2;1;
131;Trompeta 3;Trompeta 3-Pacheco Mendoza Javier Rodolfo;2;2;1;
133;Trompeta 3;Trompeta 3-Soriano Castañeda José Luis;2;2;1;
135;Trompeta 4;Trompeta 4-Carranza Cárdenas Franco;2;2;1;
137;Trompeta 5;Trompeta 5-Llanos Martínez Juan José;2;2;1;
136;Trompeta 5;Trompeta 5-Pacheco Mendoza Javier Rodolfo;2;2;1;
333;Trompeta 7;Trompeta 7-Franco Carranza;2;2;1;
138;Trompeta 9;Trompeta 9-Pacheco Mendoza Javier Rodolfo;2;2;1;
STP001;Tromp Comp 1;Trompeta complementaria 1;2;2;1;
STP002;Tromp Comp 2;Trompeta complementaria 2;2;2;1;
STP003;Tromp Comp 3;Trompeta complementaria 3;2;2;1;
FETP 201;Trompeta I;Trompeta I;2;2;1;
FETP 202;Trompeta II;Trompeta II;2;2;1;
FETP 203;Trompeta III;Trompeta III;2;2;1;
FETP 204;Trompeta IV;Trompeta IV;2;2;1;
FETP 209;Trompeta IX;Trompeta IX;2;2;1;
FETP 205;Trompeta V;Trompeta V;2;2;1;
FETP 206;Trompeta VI;Trompeta VI;2;2;1;
FETP 207;Trompeta VII;Trompeta VII;2;2;1;
FETP 208;Trompeta VIII;Trompeta VIII;2;2;1;
FETP 210;Trompeta X;Trompeta X;2;2;1;
STU101;Tuba  1;Tuba  1;2;2;1;
STU131;Tuba  1 (Ped);Tuba  1 (Pedagogia);2;2;1;
STU102;Tuba  2;Tuba  2;2;2;1;
STU103;Tuba  3;Tuba  3;2;2;1;
STU104;Tuba  4;Tuba  4;2;2;1;
STU105;Tuba  5;Tuba  5;2;2;1;
STU135;Tuba  5 (Ped);Tuba  5 (Pedagogia);2;2;1;
STU106;Tuba  6;Tuba  6;2;2;1;
STU107;Tuba  7;Tuba  7;2;2;1;
STU108;Tuba  8;Tuba  8;2;2;1;
STU138;Tuba  8 (Ped);Tuba  8 (Pedagogia);2;2;1;
STU109;Tuba  9;Tuba  9;2;2;1;
STU110;Tuba 10;Tuba 10;2;2;1;
126;Tuba 3;Tuba 3-Delgado Torrejón Víctor Manuel;2;2;1;
125;Tuba 3;Tuba 3-Reyes Díaz Erikson Hilario;2;2;1;
STU001;Tuba Comp 1;Tuba complementaria 1;2;2;1;
STU002;Tuba Comp 2;Tuba complementaria 2;2;2;1;
STU003;Tuba Comp 3;Tuba complementaria 3;2;2;1;
FETU 201;Tuba I;Tuba I;2;2;1;
FETU 202;Tuba II;Tuba II;2;2;1;
FETU 203;Tuba III;Tuba III;2;2;1;
FETU 204;Tuba IV;Tuba IV;2;2;1;
FETU 209;Tuba IX;Tuba IX;2;2;1;
FETU 205;Tuba V;Tuba V;2;2;1;
FETU 206;Tuba VI;Tuba VI;2;2;1;
FETU 207;Tuba VII;Tuba VII;2;2;1;
FETU 208;Tuba VIII;Tuba VIII;2;2;1;
FETU 210;Tuba X;Tuba X;2;2;1;
SVA101;Viola  1;Viola  1;2;2;1;
SVA131;Viola  1 (Ped);Viola  1 (Pedagogia);2;2;1;
SVA102;Viola  2;Viola  2;2;2;1;
SVA103;Viola  3;Viola  3;2;2;1;
SVA104;Viola  4;Viola  4;2;2;1;
SVA105;Viola  5;Viola  5;2;2;1;
SVA106;Viola  6;Viola  6;2;2;1;
SVA107;Viola  7;Viola  7;2;2;1;
SVA108;Viola  8;Viola  8;2;2;1;
SVA109;Viola  9;Viola  9;2;2;1;
SVA110;Viola 10;Viola 10;2;2;1;
121;Viola 1;Viola 1-González Gastelú Guillermo Roberto;2;2;1;
122;Viola 1;Viola 1-López Moreno Rolando Fabián;2;2;1;
123;Viola 3;Viola 3-González Gastelú Guillermo Roberto;2;2;1;
124;Viola 4;Viola 4-González Gastelú Guillermo Roberto;2;2;1;
SVA001;Viola Comp 1;Viola complementaria 1;2;2;1;
SVA002;Viola Comp 2;Viola complementaria 2;2;2;1;
SVA003;Viola Comp 3;Viola complementaria 3;2;2;1;
FEVO 101;Viola I;Viola I;2;2;1;
FEVO 102;Viola II;Viola II;2;2;1;
FEVO 103;Viola III;Viola III;2;2;1;
FEVO 104;Viola IV;Viola IV;2;2;1;
FEVO 109;Viola IX;Viola IX;2;2;1;
FEVO 105;Viola V;Viola V;2;2;1;
FEVO 106;Viola VI;Viola VI;2;2;1;
FEVO 107;Viola VII;Viola VII;2;2;1;
FEVO 108;Viola VIII;Viola VIII;2;2;1;
FEVO 110;Viola X;Viola X;2;2;1;
SVN101;Violín  1;Violín  1;2;2;1;
SVN131;Violín  1 (Ped);Violín  1 (Pedagogia);2;2;1;
SVN102;Violín  2;Violín  2;2;2;1;
SVN132;Violín  2 (Ped);Violín  2 (Pedagogia);2;2;1;
SVN103;Violín  3;Violín  3;2;2;1;
SVN133;Violín  3 (Ped);Violín  3 (Pedagogia);2;2;1;
SVN104;Violín  4;Violín  4;2;2;1;
SVN134;Violín  4 (Ped);Violín  4 (Pedagogia);2;2;1;
SVN105;Violín  5;Violín  5;2;2;1;
SVN135;Violín  5 (Ped);Violín  5 (Pedagogia);2;2;1;
105;Violín  5;Violín  5-Arias Ramírez Frank;2;2;1;
SVN106;Violín  6;Violín  6;2;2;1;
SVN136;Violín  6 (Ped);Violín  6 (Pedagogia);2;2;1;
SVN107;Violín  7;Violín  7;2;2;1;
SVN137;Violín  7 (Ped);Violín  7 (Pedagogia);2;2;1;
SVN108;Violín  8;Violín  8;2;2;1;
SVN138;Violín  8 (Ped);Violín  8 (Pedagogia);2;2;1;
SVN109;Violín  9;Violín  9;2;2;1;
SVN139;Violín  9 (Ped);Violín  9 (Pedagogia);2;2;1;
SVN110;Violín 10;Violín 10;2;2;1;
SVN140;Violín 10 (Ped);Violín 10 (Pedagogia);2;2;1;
107;Violín 1;Violín 1-Arias Ramírez Frank;2;2;1;
106;Violín 1;Violín 1-Breña Gastañadui Carlos Andrés;2;2;1;
108;Violín 1;Violín 1-Foust María;2;2;1;
109;Violín 1;Violín 1-Pajares León Jorge Erick;2;2;1;
600;Violín 2;Violín 2 - BREÑA GASTAÑADUI, Carlos Andrés;2;2;1;
112;Violín 3;Violín 3-Arias Ramírez Frank;2;2;1;
110;Violín 3;Violín 3-Ferreira Mascaro Eduardo Alejandro;2;2;1;
111;Violín 3;Violín 3-Sánchez Mantilla César Santiago;2;2;1;
113;Violín 4;Violín 4-Breña Gastañadui Carlos Andrés;2;2;1;
115;Violín 5;Violín 5-Ferreira Mascaro Eduardo Alejandro;2;2;1;
114;Violín 5;Violín 5-Foust María;2;2;1;
117;Violín 7;Violín 7-Baltierra Rodríguez Cecilia;2;2;1;
116;Violín 7;Violín 7-Ferreira Mascaro Eduardo Alejandro;2;2;1;
118;Violín 8;Violín 8-Breña Gastañadui Carlos Andrés;2;2;1;
120;Violín 9;Violín 9-Sánchez Mantilla César Santiago;2;2;1;
SVN001;Violín Comp 1;Violín complementario 1;2;2;1;
SVN002;Violín Comp 2;Violín complementario 2;2;2;1;
SVN003;Violín Comp 3;Violín complementario 3;2;2;1;
FEVI 101;Violín I;Violín I;2;2;1;
FEVI 102;Violín II;Violín II;2;2;1;
FEVI 103;Violín III;Violín III;2;2;1;
FEVI 104;Violín IV;Violín IV;2;2;1;
FEVI 109;Violín IX;Violín IX;2;2;1;
FEVI 105;Violín V;Violín V;2;2;1;
FEVI 106;Violín VI;Violín VI;2;2;1;
FEVI 107;Violín VII;Violín VII;2;2;1;
FEVI 108;Violín VIII;Violín VIII;2;2;1;
FEVI 110;Violín X;Violín X;2;2;1;
SVC101;Violoncello  1;Violoncello  1;2;2;1;
103;Violoncello  1;Violoncello  1-Pacheco Beleván César Alberto;2;2;1;
SVC102;Violoncello  2;Violoncello  2;2;2;1;
SVC103;Violoncello  3;Violoncello  3;2;2;1;
SVC104;Violoncello  4;Violoncello  4;2;2;1;
SVC105;Violoncello  5;Violoncello  5;2;2;1;
SVC106;Violoncello  6;Violoncello  6;2;2;1;
SVC107;Violoncello  7;Violoncello  7;2;2;1;
SVC108;Violoncello  8;Violoncello  8;2;2;1;
SVC109;Violoncello  9;Violoncello  9;2;2;1;
SVC110;Violoncello 10;Violoncello 10;2;2;1;
102;Violoncello  1;Violoncello 1-LaPoint Morales Catherine Elizabeth;2;2;1;
100;Cello 1;Violoncello 1-Sigüeñas Rodríguez Carmen Sammanda;2;2;1;
101;Cello 3;Violoncello 3-Sigüeñas Rodríguez Carmen Sammanda;2;2;1;
104;Violoncello 5;Violoncello 5-Pacheco Beleván César Alberto;2;2;1;
SVC001;Viocello Comp 1;Violoncello complementario 1;2;2;1;
SVC002;Viocello Comp 2;Violoncello complementario 2;2;2;1;
SVC003;Viocello Comp 3;Violoncello complementario 3;2;2;1;
FEVL 101;Violonchelo I;Violonchelo I;2;2;1;
FEVL 102;Violonchelo II;Violonchelo II;2;2;1;
FEVL 103;Violonchelo III;Violonchelo III;2;2;1;
FEVL 104;Violonchelo IV;Violonchelo IV;2;2;1;
FEVL 109;Violonchelo IX;Violonchelo IX;2;2;1;
FEVL 105;Violonchelo V;Violonchelo V;2;2;1;
FEVL 106;Violonchelo VI;Violonchelo VI;2;2;1;
FEVL 107;Violonchelo VII;Violonchelo VII;2;2;1;
FEVL 108;Violonchelo VII;Violonchelo VIII;2;2;1;
FEVL 110;Violonchelo X;Violonchelo X;2;2;1;
;;;;;;
